Ad Id ,Start Date,End Date,Channel,Campaign Id ,Age,Gender,interest 1,interest2,interest3,Impressions,Clicks,Spent,Total Conversion,Approved conversion,Revenue,Profit,ROI,CTR
708746,17-08-2024,17-08-2024,Email Marketing,103916,30-34,M,15,17,17,7047,282,188.94,14,11,755.76,566.82,300,4%
708749,17-08-2024,17-08-2024,Email Marketing,103917,30-34,M,16,19,21,8521,170,112.2,17,12,561,448.8,400,2%
708771,17-08-2024,17-08-2024,Email Marketing,103920,30-34,M,20,25,22,6774,135,91.8,11,8,367.2,275.4,300,2%
708815,30-08-2024,30-08-2024,Email Marketing,103928,30-34,M,28,32,32,8433,337,242.64,37,33,485.28,242.64,100,4%
708818,17-08-2024,17-08-2024,Email Marketing,103928,30-34,M,28,33,32,7604,304,224.96,36,32,1124.8,899.84,400,4%
708820,17-08-2024,17-08-2024,Email Marketing,103929,30-34,M,29,30,30,6951,278,125.1,33,27,375.3,250.2,200,4%
708889,17-08-2024,17-08-2024,Email Marketing,103940,30-34,M,15,16,17,8930,268,120.6,29,22,361.8,241.2,200,3%
708895,17-08-2024,17-08-2024,Email Marketing,103941,30-34,M,16,20,18,8310,249,126.99,30,26,507.96,380.97,300,3%
708953,17-08-2024,17-08-2024,Email Marketing,103951,30-34,M,27,31,31,7689,308,147.84,25,20,591.36,443.52,300,4%
708958,30-08-2024,30-08-2024,Email Marketing,103952,30-34,M,28,32,31,6368,318,155.82,16,12,467.46,311.64,200,5%
708979,30-08-2024,30-08-2024,Email Marketing,103955,30-34,M,31,37,34,8580,257,167.05,23,19,334.1,167.05,100,3%
709023,29-08-2024,29-08-2024,Email Marketing,103962,30-34,M,7,8,8,6962,139,105.64,7,5,316.92,211.28,200,2%
709038,29-08-2024,29-08-2024,Email Marketing,103965,30-34,M,16,20,22,6210,248,131.44,20,18,525.76,394.32,300,4%
709040,29-08-2024,29-08-2024,Email Marketing,103965,30-34,M,16,19,21,7715,154,92.4,17,13,369.6,277.2,300,2%
709059,30-08-2024,30-08-2024,Email Marketing,103968,30-34,M,20,26,23,7951,318,213.06,16,11,639.18,426.12,200,4%
709105,30-08-2024,30-08-2024,Email Marketing,103976,30-34,M,28,30,32,6011,240,151.2,14,12,453.6,302.4,200,4%
709115,30-08-2024,30-08-2024,Email Marketing,103978,30-34,M,30,34,31,9787,391,273.7,35,25,821.1,547.4,200,4%
709124,30-08-2024,30-08-2024,Email Marketing,103979,30-34,M,31,34,33,6721,269,142.57,19,14,570.28,427.71,300,4%
709179,30-08-2024,30-08-2024,Email Marketing,103988,35-39,M,15,16,17,9344,374,287.98,26,21,1151.92,863.94,300,4%
709183,30-08-2024,30-08-2024,Email Marketing,103989,35-39,M,16,20,22,6737,135,56.7,14,12,226.8,170.1,300,2%
709320,17-08-2024,17-08-2024,Email Marketing,104012,35-39,M,15,21,20,7622,305,237.9,15,13,951.6,713.7,300,4%
709323,17-08-2024,17-08-2024,Email Marketing,104012,35-39,M,15,17,19,9583,383,202.99,42,32,1014.95,811.96,400,4%
709326,18-08-2024,18-08-2024,Email Marketing,104013,35-39,M,16,22,22,7767,155,119.35,9,7,477.4,358.05,300,2%
709327,18-08-2024,18-08-2024,Email Marketing,104013,35-39,M,16,22,20,8525,341,150.04,27,21,600.16,450.12,300,4%
709328,18-08-2024,18-08-2024,Email Marketing,104013,35-39,M,16,19,18,8416,421,336.8,29,24,1347.2,1010.4,300,5%
709455,18-08-2024,18-08-2024,Email Marketing,104034,35-39,M,7,12,10,7841,314,144.44,28,22,288.88,144.44,100,4%
709544,18-08-2024,18-08-2024,Email Marketing,104049,35-39,M,29,33,32,9239,185,77.7,9,7,388.5,310.8,400,2%
709614,19-08-2024,19-08-2024,Email Marketing,104061,40-44,M,16,19,20,9284,464,199.52,23,17,598.56,399.04,200,5%
709756,19-08-2024,19-08-2024,Email Marketing,104085,40-44,M,16,21,21,6468,129,52.89,12,10,211.56,158.67,300,2%
709761,18-08-2024,18-08-2024,Email Marketing,104085,40-44,M,16,19,20,6389,128,56.32,13,10,225.28,168.96,300,2%
709899,18-08-2024,18-08-2024,Email Marketing,104108,40-44,M,15,18,20,7243,217,132.37,26,19,529.48,397.11,300,3%
709901,18-08-2024,18-08-2024,Email Marketing,104109,40-44,M,16,18,20,8170,327,212.55,33,30,637.65,425.1,200,4%
710045,17-08-2024,17-08-2024,Email Marketing,104133,45-49,M,16,22,17,7717,232,122.96,14,12,491.84,368.88,300,3%
710088,17-08-2024,17-08-2024,Email Marketing,104140,45-49,M,24,26,27,9028,271,181.57,16,14,544.71,363.14,200,3%
710360,17-08-2024,17-08-2024,Email Marketing,104185,45-49,M,21,26,24,8092,405,259.2,36,30,518.4,259.2,100,5%
710477,17-08-2024,17-08-2024,Email Marketing,104205,30-34,F,16,19,19,9845,295,177,27,23,885,708,400,3%
710480,17-08-2024,17-08-2024,Email Marketing,104205,30-34,F,16,21,20,8306,332,132.8,23,18,265.6,132.8,100,4%
710571,18-08-2024,18-08-2024,Email Marketing,104220,30-34,F,32,37,38,9971,499,309.38,25,21,618.76,309.38,100,5%
710617,18-08-2024,18-08-2024,Email Marketing,104228,30-34,F,15,19,16,7327,293,216.82,21,15,650.46,433.64,200,4%
710623,18-08-2024,18-08-2024,Email Marketing,104229,30-34,F,16,19,20,9664,290,130.5,29,23,391.5,261,200,3%
710628,17-08-2024,17-08-2024,Email Marketing,104230,30-34,F,18,24,22,6587,329,134.89,39,28,539.56,404.67,300,5%
710682,29-08-2024,29-08-2024,Email Marketing,104239,30-34,F,27,33,32,6168,247,113.62,22,20,227.24,113.62,100,4%
710763,29-08-2024,29-08-2024,Email Marketing,104252,30-34,F,15,19,17,9934,397,198.5,28,20,794,595.5,300,4%
710836,27-08-2024,27-08-2024,Email Marketing,104265,30-34,F,29,33,31,8923,178,78.32,20,17,234.96,156.64,200,2%
710867,26-08-2024,26-08-2024,Email Marketing,104270,30-34,F,63,64,68,9010,180,126,16,14,630,504,400,2%
710880,26-08-2024,26-08-2024,Email Marketing,104272,30-34,F,65,70,68,6596,198,138.6,18,15,415.8,277.2,200,3%
710961,27-08-2024,27-08-2024,Email Marketing,104285,35-39,F,25,29,26,8875,266,146.3,24,21,585.2,438.9,300,3%
710968,27-08-2024,27-08-2024,Email Marketing,104287,35-39,F,27,31,29,6178,124,55.8,6,5,279,223.2,400,2%
711217,27-08-2024,27-08-2024,Email Marketing,104328,35-39,F,20,26,23,9718,389,237.29,31,24,474.58,237.29,100,4%
711623,27-08-2024,27-08-2024,Email Marketing,104396,40-44,F,15,18,20,9307,465,362.7,56,48,1450.8,1088.1,300,5%
711764,27-08-2024,27-08-2024,Email Marketing,104419,45-49,F,10,16,11,7762,155,80.6,8,6,161.2,80.6,100,2%
7Influencer Marketing 5,26-08-2024,26-08-2024,Email Marketing,104423,45-49,F,19,25,23,9177,459,252.45,41,30,1009.8,757.35,300,5%
711877,26-08-2024,26-08-2024,Email Marketing,104438,45-49,F,63,67,65,6364,255,188.7,13,10,566.1,377.4,200,4%
712052,25-08-2024,25-08-2024,Email Marketing,104467,45-49,F,10,13,11,9180,459,330.48,41,36,991.44,660.96,200,5%
734209,25-08-2024,25-08-2024,Meta Ads  ,108654,30-34,M,10,16,14,6082,122,81.74,15,12,163.48,81.74,100,2%
734210,25-08-2024,25-08-2024,Meta Ads  ,108654,30-34,M,10,16,13,6782,136,92.48,10,8,462.4,369.92,400,2%
734215,26-08-2024,26-08-2024,Meta Ads  ,108655,30-34,M,15,19,17,6172,185,75.85,9,7,227.55,151.7,200,3%
734243,26-08-2024,26-08-2024,Meta Ads  ,108660,30-34,M,21,23,24,6461,194,102.82,12,10,308.46,205.64,200,3%
734266,26-08-2024,26-08-2024,Meta Ads  ,108664,30-34,M,25,30,27,8650,260,130,29,21,650,520,400,3%
734272,26-08-2024,26-08-2024,Meta Ads  ,108665,30-34,M,26,32,29,7744,310,170.5,34,30,852.5,682,400,4%
734290,26-08-2024,26-08-2024,Meta Ads  ,108668,30-34,M,29,32,35,9248,185,86.95,17,15,434.75,347.8,400,2%
734313,26-08-2024,26-08-2024,Meta Ads  ,108672,30-34,M,36,38,38,6061,303,145.44,27,22,727.2,581.76,400,5%
734314,27-08-2024,27-08-2024,Meta Ads  ,108672,30-34,M,36,38,38,6019,301,168.56,15,13,337.12,168.56,100,5%
734352,27-08-2024,27-08-2024,Meta Ads  ,108678,35-39,M,10,11,16,9923,298,131.12,21,17,393.36,262.24,200,3%
734361,29-08-2024,29-08-2024,Meta Ads  ,108680,35-39,M,16,19,19,9584,479,383.2,38,34,1532.8,1149.6,300,5%
734381,29-08-2024,29-08-2024,Meta Ads  ,108683,35-39,M,20,25,24,6908,345,193.2,21,16,579.6,386.4,200,5%
734399,28-08-2024,28-08-2024,Meta Ads  ,108686,35-39,M,23,24,27,9155,366,204.96,22,20,819.84,614.88,300,4%
734418,29-08-2024,29-08-2024,Meta Ads  ,108689,35-39,M,26,27,28,6959,348,240.12,21,16,960.48,720.36,300,5%
734421,29-08-2024,29-08-2024,Meta Ads  ,108690,35-39,M,27,29,32,7744,310,201.5,28,20,806,604.5,300,4%
734427,29-08-2024,29-08-2024,Meta Ads  ,108691,35-39,M,28,29,31,9770,391,179.86,27,19,539.58,359.72,200,4%
734433,29-08-2024,29-08-2024,Meta Ads  ,108692,35-39,M,29,35,31,6434,129,63.21,6,5,252.84,189.63,300,2%
734582,29-08-2024,29-08-2024,Meta Ads  ,108716,40-44,M,29,33,33,9876,494,375.44,59,44,1126.32,750.88,200,5%
734605,28-08-2024,28-08-2024,Meta Ads  ,108720,40-44,M,36,37,41,9237,462,231,28,23,924,693,300,5%
734660,28-08-2024,28-08-2024,Meta Ads  ,108729,45-49,M,18,22,23,9140,274,131.52,16,14,263.04,131.52,100,3%
734666,28-08-2024,28-08-2024,Meta Ads  ,108730,45-49,M,19,24,20,8548,256,174.08,15,14,348.16,174.08,100,3%
734726,28-08-2024,28-08-2024,Meta Ads  ,108740,45-49,M,29,30,35,8168,163,79.87,15,12,239.61,159.74,200,2%
734737,27-08-2024,27-08-2024,Meta Ads  ,108742,45-49,M,31,37,33,6859,274,158.92,16,13,635.68,476.76,300,4%
734785,28-08-2024,28-08-2024,Meta Ads  ,108750,30-34,F,10,13,13,8393,336,174.72,17,13,698.88,524.16,300,4%
734794,28-08-2024,28-08-2024,Meta Ads  ,108752,30-34,F,16,19,17,7867,393,275.1,24,21,825.3,550.2,200,5%
734796,28-08-2024,28-08-2024,Meta Ads  ,108752,30-34,F,16,22,17,6207,248,133.92,30,27,535.68,401.76,300,4%
734800,28-08-2024,28-08-2024,Meta Ads  ,108753,30-34,F,18,20,20,6782,136,99.28,8,7,198.56,99.28,100,2%
734803,28-08-2024,28-08-2024,Meta Ads  ,108753,30-34,F,18,19,21,7245,290,121.8,26,22,487.2,365.4,300,4%
734852,28-08-2024,28-08-2024,Meta Ads  ,108761,30-34,F,26,30,29,9054,272,125.12,33,24,375.36,250.24,200,3%
734854,19-08-2024,19-08-2024,Meta Ads  ,108762,30-34,F,27,33,32,9913,496,362.08,40,29,1086.24,724.16,200,5%
734856,19-08-2024,19-08-2024,Meta Ads  ,108762,30-34,F,27,28,32,6677,267,184.23,29,23,736.92,552.69,300,4%
734866,20-08-2024,20-08-2024,Meta Ads  ,108764,30-34,F,29,32,31,9711,388,213.4,43,31,640.2,426.8,200,4%
734881,20-08-2024,20-08-2024,Meta Ads  ,108766,30-34,F,31,32,34,6297,126,97.02,11,8,388.08,291.06,300,2%
734901,20-08-2024,20-08-2024,Meta Ads  ,108770,30-34,F,64,70,68,7937,238,97.58,14,10,195.16,97.58,100,3%
734903,20-08-2024,20-08-2024,Meta Ads  ,108770,30-34,F,64,69,67,7604,304,127.68,18,14,638.4,510.72,400,4%
734925,20-08-2024,20-08-2024,Meta Ads  ,108774,35-39,F,10,11,12,9157,458,293.12,50,35,1465.6,1172.48,400,5%
734939,20-08-2024,20-08-2024,Meta Ads  ,108776,35-39,F,16,19,22,6623,199,109.45,20,17,437.8,328.35,300,3%
734968,20-08-2024,20-08-2024,Meta Ads  ,108781,35-39,F,22,25,27,7233,289,176.29,35,29,352.58,176.29,100,4%
734999,20-08-2024,20-08-2024,Meta Ads  ,108786,35-39,F,27,32,32,6939,347,197.79,21,16,395.58,197.79,100,5%
735014,19-08-2024,19-08-2024,Meta Ads  ,108788,35-39,F,29,34,30,8629,173,89.96,14,12,359.84,269.88,300,2%
735032,19-08-2024,19-08-2024,Meta Ads  ,108791,35-39,F,32,33,34,6712,268,174.2,32,26,696.8,522.6,300,4%
735033,18-08-2024,18-08-2024,Meta Ads  ,108792,35-39,F,36,40,40,6867,275,167.75,25,21,335.5,167.75,100,4%
735043,18-08-2024,18-08-2024,Meta Ads  ,108793,35-39,F,63,65,69,6089,304,197.6,18,14,395.2,197.6,100,5%
735048,18-08-2024,18-08-2024,Meta Ads  ,108794,35-39,F,64,65,68,9332,467,308.22,28,21,1232.88,924.66,300,5%
735065,19-08-2024,19-08-2024,Meta Ads  ,108797,40-44,F,7,10,12,8787,176,103.84,11,10,311.52,207.68,200,2%
735109,19-08-2024,19-08-2024,Meta Ads  ,108804,40-44,F,21,26,25,6159,185,146.15,20,18,438.45,292.3,200,3%
735140,19-08-2024,19-08-2024,Meta Ads  ,108809,40-44,F,26,27,31,9151,366,212.28,33,24,1061.4,849.12,400,4%
735143,19-08-2024,19-08-2024,Meta Ads  ,108810,40-44,F,27,28,30,7101,355,269.8,21,18,809.4,539.6,200,5%
735151,19-08-2024,19-08-2024,Meta Ads  ,108811,40-44,F,28,30,31,6836,342,208.62,17,13,834.48,625.86,300,5%
735184,19-08-2024,19-08-2024,Meta Ads  ,108817,40-44,F,63,66,67,8796,440,264,31,23,528,264,100,5%
735189,21-08-2024,21-08-2024,Meta Ads  ,108818,40-44,F,64,65,66,7806,156,113.88,16,12,569.4,455.52,400,2%
735213,21-08-2024,21-08-2024,Meta Ads  ,108822,45-49,F,10,16,11,7090,142,61.06,17,13,183.18,122.12,200,2%
735220,18-08-2024,18-08-2024,Meta Ads  ,108823,45-49,F,15,17,17,6677,267,173.55,29,25,694.2,520.65,300,4%
735242,18-08-2024,18-08-2024,Meta Ads  ,108826,45-49,F,19,25,21,7584,303,203.01,21,15,1015.05,812.04,400,4%
735247,18-08-2024,18-08-2024,Meta Ads  ,108827,45-49,F,20,24,25,7786,311,199.04,19,17,995.2,796.16,400,4%
735289,18-08-2024,18-08-2024,Meta Ads  ,108834,45-49,F,27,30,30,9055,362,267.88,25,20,803.64,535.76,200,4%
735290,18-08-2024,18-08-2024,Meta Ads  ,108834,45-49,F,27,29,33,7689,308,187.88,31,27,563.64,375.76,200,4%
735298,18-08-2024,18-08-2024,Meta Ads  ,108836,45-49,F,29,31,32,8090,324,168.48,26,19,505.44,336.96,200,4%
736869,18-08-2024,18-08-2024,Meta Ads  ,109448,30-34,M,2,6,8,9951,398,306.46,20,18,1532.3,1225.84,400,4%
736890,18-08-2024,18-08-2024,Meta Ads  ,109451,30-34,M,15,16,20,9534,381,179.07,23,19,716.28,537.21,300,4%
736893,18-08-2024,18-08-2024,Meta Ads  ,109452,30-34,M,16,17,17,8467,254,149.86,30,21,749.3,599.44,400,3%
736977,18-08-2024,18-08-2024,Meta Ads  ,109470,30-34,M,27,30,28,6517,196,145.04,12,9,580.16,435.12,300,3%
736988,21-08-2024,21-08-2024,Meta Ads  ,109472,30-34,M,28,29,29,9358,281,168.6,25,22,674.4,505.8,300,3%
736995,21-08-2024,21-08-2024,Meta Ads  ,109473,30-34,M,29,34,34,6044,121,59.29,11,9,177.87,118.58,200,2%
736997,21-08-2024,21-08-2024,Meta Ads  ,109473,30-34,M,29,32,33,6978,140,71.4,14,11,357,285.6,400,2%
737097,21-08-2024,21-08-2024,Meta Ads  ,109498,35-39,M,7,10,11,6270,125,98.75,11,8,197.5,98.75,100,2%
737130,21-08-2024,21-08-2024,Meta Ads  ,109507,35-39,M,16,19,18,9225,461,248.94,46,39,1244.7,995.76,400,5%
737320,18-08-2024,18-08-2024,Meta Ads  ,109553,35-39,M,63,64,66,9383,281,120.83,17,15,241.66,120.83,100,3%
737375,21-08-2024,21-08-2024,Meta Ads  ,109565,40-44,M,10,11,11,7223,289,153.17,23,17,612.68,459.51,300,4%
737524,21-08-2024,21-08-2024,Meta Ads  ,109601,40-44,M,30,34,33,8627,259,204.61,21,17,409.22,204.61,100,3%
737644,21-08-2024,21-08-2024,Meta Ads  ,109629,45-49,M,16,22,17,7231,362,166.52,22,16,499.56,333.04,200,5%
737657,18-08-2024,18-08-2024,Meta Ads  ,109633,45-49,M,18,23,20,6487,324,168.48,26,22,842.4,673.92,400,5%
737658,18-08-2024,18-08-2024,Meta Ads  ,109633,45-49,M,18,19,24,9873,395,209.35,40,36,418.7,209.35,100,4%
737674,20-08-2024,20-08-2024,Meta Ads  ,109637,45-49,M,20,21,24,9462,284,159.04,17,15,636.16,477.12,300,3%
737766,20-08-2024,20-08-2024,Meta Ads  ,109659,45-49,M,29,33,33,9625,289,228.31,29,26,456.62,228.31,100,3%
737896,20-08-2024,20-08-2024,Meta Ads  ,109689,30-34,F,16,21,22,8713,349,139.6,35,26,698,558.4,400,4%
737931,20-08-2024,20-08-2024,Meta Ads  ,109698,30-34,F,20,26,24,8029,161,64.4,19,16,257.6,193.2,300,2%
737961,20-08-2024,20-08-2024,Meta Ads  ,109706,30-34,F,23,29,28,6788,272,214.88,16,12,859.52,644.64,300,4%
737995,20-08-2024,20-08-2024,Meta Ads  ,109714,30-34,F,26,27,31,8284,249,196.71,27,22,983.55,786.84,400,3%
738006,20-08-2024,20-08-2024,Meta Ads  ,109717,30-34,F,27,29,32,8602,430,236.5,34,28,946,709.5,300,5%
738067,20-08-2024,20-08-2024,Meta Ads  ,109731,30-34,F,32,37,36,9026,271,165.31,22,19,826.55,661.24,400,3%
738098,20-08-2024,20-08-2024,Meta Ads  ,109738,30-34,F,64,70,68,6172,247,185.25,22,15,926.25,741,400,4%
738307,20-08-2024,20-08-2024,Meta Ads  ,109788,35-39,F,31,36,36,6047,181,76.02,9,7,304.08,228.06,300,3%
738389,19-08-2024,19-08-2024,Meta Ads  ,109808,40-44,F,10,16,12,7331,220,107.8,13,11,431.2,323.4,300,3%
738408,19-08-2024,19-08-2024,Meta Ads  ,109813,40-44,F,16,22,22,6485,130,80.6,14,12,403,322.4,400,2%
738413,19-08-2024,19-08-2024,Meta Ads  ,109813,40-44,F,16,17,19,7522,376,278.24,45,38,556.48,278.24,100,5%
738423,19-08-2024,19-08-2024,Meta Ads  ,109816,40-44,F,18,20,24,7709,154,123.2,18,13,369.6,246.4,200,2%
738436,19-08-2024,19-08-2024,Meta Ads  ,109820,40-44,F,19,21,20,6623,199,87.56,22,17,175.12,87.56,100,3%
738463,20-08-2024,20-08-2024,Meta Ads  ,109826,40-44,F,21,23,24,9772,293,164.08,15,13,492.24,328.16,200,3%
738528,19-08-2024,19-08-2024,Meta Ads  ,109839,40-44,F,30,34,33,8406,252,176.4,23,19,705.6,529.2,300,3%
738560,19-08-2024,19-08-2024,Meta Ads  ,109844,40-44,F,64,70,66,7597,228,134.52,23,20,672.6,538.08,400,3%
738582,19-08-2024,19-08-2024,Meta Ads  ,109848,45-49,F,10,16,12,7247,145,95.7,12,9,382.8,287.1,300,2%
738592,20-08-2024,20-08-2024,Meta Ads  ,109850,45-49,F,16,22,20,9174,183,128.1,9,8,384.3,256.2,200,2%
738593,20-08-2024,20-08-2024,Meta Ads  ,109850,45-49,F,16,17,21,7310,366,267.18,44,38,534.36,267.18,100,5%
738598,21-08-2024,21-08-2024,Meta Ads  ,109851,45-49,F,18,23,24,9260,278,136.22,28,24,408.66,272.44,200,3%
738606,21-08-2024,21-08-2024,Meta Ads  ,109852,45-49,F,19,20,23,7679,384,284.16,31,27,852.48,568.32,200,5%
738637,21-08-2024,21-08-2024,Meta Ads  ,109857,45-49,F,24,26,30,6375,319,252.01,26,22,504.02,252.01,100,5%
738648,18-08-2024,18-08-2024,Meta Ads  ,109859,45-49,F,26,30,27,8050,322,212.52,26,20,850.08,637.56,300,4%
747212,18-08-2024,18-08-2024,Meta Ads  ,110836,30-34,M,10,16,14,7543,377,248.82,34,31,746.46,497.64,200,5%
747213,18-08-2024,18-08-2024,Meta Ads  ,110836,30-34,M,10,12,11,9610,481,355.94,53,45,711.88,355.94,100,5%
747220,18-08-2024,18-08-2024,Meta Ads  ,110837,30-34,M,15,17,16,9623,481,226.07,48,39,1130.35,904.28,400,5%
747222,18-08-2024,18-08-2024,Meta Ads  ,110838,30-34,M,16,22,20,9687,194,124.16,14,11,248.32,124.16,100,2%
747223,18-08-2024,18-08-2024,Meta Ads  ,110838,30-34,M,16,18,18,7678,154,100.1,9,7,400.4,300.3,300,2%
747248,21-08-2024,21-08-2024,Meta Ads  ,110842,30-34,M,21,24,24,6136,307,217.97,28,24,653.91,435.94,200,5%
747332,21-08-2024,21-08-2024,Meta Ads  ,110856,30-34,M,64,68,65,7991,320,204.8,38,30,1024,819.2,400,4%
747362,21-08-2024,21-08-2024,Meta Ads  ,110861,35-39,M,15,16,18,7844,392,313.6,39,29,1254.4,940.8,300,5%
747369,21-08-2024,21-08-2024,Meta Ads  ,110862,35-39,M,16,17,21,9432,472,349.28,47,34,698.56,349.28,100,5%
747370,20-08-2024,20-08-2024,Meta Ads  ,110862,35-39,M,16,17,19,9783,293,167.01,29,26,501.03,334.02,200,3%
747401,21-08-2024,21-08-2024,Meta Ads  ,110867,35-39,M,22,25,25,8536,341,228.47,41,34,913.88,685.41,300,4%
747435,21-08-2024,21-08-2024,Meta Ads  ,110873,35-39,M,28,29,30,6484,130,80.6,14,10,161.2,80.6,100,2%
747439,21-08-2024,21-08-2024,Meta Ads  ,110874,35-39,M,29,35,33,8961,358,225.54,21,15,676.62,451.08,200,4%
747489,21-08-2024,21-08-2024,Meta Ads  ,110882,40-44,M,2,7,6,7512,300,195,21,17,390,195,100,4%
747514,21-08-2024,21-08-2024,Meta Ads  ,110886,40-44,M,16,20,17,6552,131,62.88,7,6,314.4,251.52,400,2%
747645,21-08-2024,21-08-2024,Meta Ads  ,110908,45-49,M,10,14,13,8054,161,78.89,18,15,157.78,78.89,100,2%
747659,25-08-2024,25-08-2024,Meta Ads  ,110910,45-49,M,16,21,17,6168,123,54.12,12,9,270.6,216.48,400,2%
747675,25-08-2024,25-08-2024,Meta Ads  ,110913,45-49,M,20,22,21,6905,276,193.2,17,15,386.4,193.2,100,4%
747678,25-08-2024,25-08-2024,Meta Ads  ,110914,45-49,M,21,27,23,7585,152,114,17,14,342,228,200,2%
747712,24-08-2024,24-08-2024,Meta Ads  ,110919,45-49,M,26,30,29,6515,130,97.5,7,6,292.5,195,200,2%
747790,24-08-2024,24-08-2024,Meta Ads  ,110932,30-34,F,10,12,14,9969,199,127.36,18,16,254.72,127.36,100,2%
747791,25-08-2024,25-08-2024,Meta Ads  ,110932,30-34,F,10,14,13,9717,194,93.12,10,8,465.6,372.48,400,2%
747795,25-08-2024,25-08-2024,Meta Ads  ,110933,30-34,F,15,21,18,9095,364,273,22,17,1092,819,300,4%
747798,25-08-2024,25-08-2024,Meta Ads  ,110934,30-34,F,16,21,20,9083,454,195.22,54,45,390.44,195.22,100,5%
747824,25-08-2024,25-08-2024,Meta Ads  ,110938,30-34,F,21,24,23,8593,430,215,52,41,645,430,200,5%
747828,25-08-2024,25-08-2024,Meta Ads  ,110939,30-34,F,22,24,24,7154,215,122.55,24,20,490.2,367.65,300,3%
747852,24-08-2024,24-08-2024,Meta Ads  ,110943,30-34,F,26,32,32,9805,196,115.64,20,17,462.56,346.92,300,2%
747859,24-08-2024,24-08-2024,Meta Ads  ,110944,30-34,F,27,32,33,7521,150,84,18,16,168,84,100,2%
747863,24-08-2024,24-08-2024,Meta Ads  ,110944,30-34,F,27,30,33,8893,267,200.25,16,12,600.75,400.5,200,3%
747879,24-08-2024,24-08-2024,Meta Ads  ,110947,30-34,F,30,36,31,8261,330,141.9,23,17,567.6,425.7,300,4%
747903,24-08-2024,24-08-2024,Meta Ads  ,110951,30-34,F,63,69,69,8595,172,120.4,17,14,361.2,240.8,200,2%
747911,24-08-2024,24-08-2024,Meta Ads  ,110952,30-34,F,64,66,66,7735,232,99.76,19,16,299.28,199.52,200,3%
747968,24-08-2024,24-08-2024,Meta Ads  ,110962,35-39,F,21,27,24,8621,431,198.26,47,39,793.04,594.78,300,5%
747991,24-08-2024,24-08-2024,Meta Ads  ,110966,35-39,F,25,31,27,7589,304,185.44,18,14,556.32,370.88,200,4%
748000,24-08-2024,24-08-2024,Meta Ads  ,110967,35-39,F,26,27,32,7872,236,118,19,14,236,118,100,3%
748007,24-08-2024,24-08-2024,Meta Ads  ,110968,35-39,F,27,29,28,6127,184,145.36,17,14,290.72,145.36,100,3%
748014,24-08-2024,24-08-2024,Meta Ads  ,110970,35-39,F,29,31,35,8287,331,264.8,40,29,794.4,529.6,200,4%
748045,25-08-2024,25-08-2024,Meta Ads  ,110975,35-39,F,63,69,64,8159,163,65.2,18,16,326,260.8,400,2%
748086,25-08-2024,25-08-2024,Meta Ads  ,110982,40-44,F,16,19,18,9855,296,227.92,36,29,911.68,683.76,300,3%
748087,26-08-2024,26-08-2024,Meta Ads  ,110982,40-44,F,16,22,19,7674,307,230.25,15,12,460.5,230.25,100,4%
748089,26-08-2024,26-08-2024,Meta Ads  ,110982,40-44,F,16,18,21,7750,233,135.14,26,20,270.28,135.14,100,3%
748091,26-08-2024,26-08-2024,Meta Ads  ,110982,40-44,F,16,17,19,9414,282,203.04,23,18,1015.2,812.16,400,3%
748225,26-08-2024,26-08-2024,Meta Ads  ,111005,45-49,F,15,16,17,7305,292,146,15,13,438,292,200,4%
748230,26-08-2024,26-08-2024,Meta Ads  ,111006,45-49,F,16,17,20,8274,165,67.65,17,14,202.95,135.3,200,2%
748231,27-08-2024,27-08-2024,Meta Ads  ,111006,45-49,F,16,18,21,8734,437,222.87,35,28,891.48,668.61,300,5%
748233,27-08-2024,27-08-2024,Meta Ads  ,111006,45-49,F,16,22,18,9539,191,126.06,15,13,378.18,252.12,200,2%
748235,26-08-2024,26-08-2024,Meta Ads  ,111006,45-49,F,16,18,19,8888,178,133.5,14,12,400.5,267,200,2%
748294,26-08-2024,26-08-2024,Meta Ads  ,111016,45-49,F,27,32,31,7213,361,263.53,22,17,1317.65,1054.12,400,5%
748295,26-08-2024,26-08-2024,Meta Ads  ,111016,45-49,F,27,31,32,8861,443,234.79,44,37,469.58,234.79,100,5%
748303,25-08-2024,25-08-2024,Meta Ads  ,111018,45-49,F,29,32,33,6795,136,92.48,11,10,462.4,369.92,400,2%
748314,25-08-2024,25-08-2024,Meta Ads  ,111020,45-49,F,31,34,32,7804,312,143.52,34,30,430.56,287.04,200,4%
748341,25-08-2024,25-08-2024,Meta Ads  ,111024,45-49,F,64,67,68,9778,293,184.59,23,18,553.77,369.18,200,3%
776318,25-08-2024,25-08-2024,Meta Ads  ,115484,45-49,F,15,16,19,7569,227,140.74,27,22,422.22,281.48,200,3%
776322,25-08-2024,25-08-2024,Meta Ads  ,115485,45-49,F,16,21,20,7413,297,160.38,18,16,801.9,641.52,400,4%
776323,26-08-2024,26-08-2024,Meta Ads  ,115485,45-49,F,16,17,18,7540,377,290.29,23,18,1161.16,870.87,300,5%
776325,26-08-2024,26-08-2024,Meta Ads  ,115485,45-49,F,16,19,20,6114,306,186.66,37,28,746.64,559.98,300,5%
776334,26-08-2024,26-08-2024,Meta Ads  ,115487,45-49,F,10,12,16,6806,204,132.6,22,16,530.4,397.8,300,3%
776336,26-08-2024,26-08-2024,Meta Ads  ,115487,45-49,F,10,15,14,9094,182,76.44,13,11,229.32,152.88,200,2%
776338,23-08-2024,23-08-2024,Meta Ads  ,115487,45-49,F,10,12,11,7204,360,201.6,43,35,1008,806.4,400,5%
776353,23-08-2024,23-08-2024,Meta Ads  ,115490,40-44,F,63,66,67,7709,385,211.75,35,25,423.5,211.75,100,5%
776373,21-08-2024,21-08-2024,Meta Ads  ,115493,45-49,F,25,27,27,8815,441,286.65,53,44,1433.25,1146.6,400,5%
776383,21-08-2024,21-08-2024,Meta Ads  ,115495,45-49,F,23,27,29,9890,495,237.6,40,31,475.2,237.6,100,5%
776405,21-08-2024,21-08-2024,Meta Ads  ,115498,45-49,F,21,25,22,9365,375,191.25,19,16,573.75,382.5,200,4%
776416,21-08-2024,21-08-2024,Meta Ads  ,115500,45-49,F,19,22,20,8169,408,167.28,29,22,669.12,501.84,300,5%
776430,22-08-2024,22-08-2024,Meta Ads  ,115503,30-34,M,10,14,16,7218,361,169.67,22,18,848.35,678.68,400,5%
776464,22-08-2024,22-08-2024,Meta Ads  ,115508,45-49,F,29,30,31,8658,173,114.18,9,7,456.72,342.54,300,2%
776469,22-08-2024,22-08-2024,Meta Ads  ,115509,45-49,F,28,33,29,8035,402,313.56,24,21,1254.24,940.68,300,5%
776473,22-08-2024,22-08-2024,Meta Ads  ,115510,30-34,M,16,22,22,7981,160,89.6,8,7,448,358.4,400,2%
776475,21-08-2024,21-08-2024,Meta Ads  ,115510,30-34,M,16,21,20,6183,247,121.03,15,11,484.12,363.09,300,4%
776476,21-08-2024,21-08-2024,Meta Ads  ,115510,30-34,M,16,17,18,8126,244,175.68,27,21,527.04,351.36,200,3%
776477,21-08-2024,21-08-2024,Meta Ads  ,115510,30-34,M,16,22,17,7220,217,88.97,11,9,444.85,355.88,400,3%
776489,21-08-2024,21-08-2024,Meta Ads  ,115512,45-49,F,26,31,28,7384,295,174.05,35,26,696.2,522.15,300,4%
776494,21-08-2024,21-08-2024,Meta Ads  ,115513,30-34,M,15,16,16,9929,496,297.6,35,25,595.2,297.6,100,5%
776515,21-08-2024,21-08-2024,Meta Ads  ,115517,45-49,F,65,68,68,7920,158,66.36,17,15,199.08,132.72,200,2%
776519,21-08-2024,21-08-2024,Meta Ads  ,115517,45-49,F,65,71,67,9758,488,322.08,34,24,966.24,644.16,200,5%
776533,21-08-2024,21-08-2024,Meta Ads  ,115520,45-49,F,63,64,68,6900,138,103.5,15,12,207,103.5,100,2%
776534,21-08-2024,21-08-2024,Meta Ads  ,115520,45-49,F,63,69,67,7137,285,199.5,20,15,399,199.5,100,4%
776538,21-08-2024,21-08-2024,Meta Ads  ,115521,30-34,F,15,16,19,8739,350,259,21,16,1036,777,300,4%
776551,21-08-2024,21-08-2024,Meta Ads  ,115523,30-34,F,16,18,22,7305,146,70.08,15,11,210.24,140.16,200,2%
776552,22-08-2024,22-08-2024,Meta Ads  ,115523,30-34,F,16,17,18,7274,364,269.36,18,13,808.08,538.72,200,5%
776553,22-08-2024,22-08-2024,Meta Ads  ,115523,30-34,F,16,21,17,8765,438,201.48,48,42,1007.4,805.92,400,5%
776563,23-08-2024,23-08-2024,Meta Ads  ,115525,30-34,F,7,9,13,7821,156,79.56,9,7,238.68,159.12,200,2%
776579,23-08-2024,23-08-2024,Meta Ads  ,115527,30-34,F,10,13,14,8586,258,165.12,28,20,330.24,165.12,100,3%
776603,23-08-2024,23-08-2024,Meta Ads  ,115531,30-34,F,2,3,6,9148,274,117.82,16,14,471.28,353.46,300,3%
776615,23-08-2024,23-08-2024,Meta Ads  ,115533,45-49,M,63,66,68,7469,373,175.31,41,33,876.55,701.24,400,5%
776623,23-08-2024,23-08-2024,Meta Ads  ,115535,45-49,M,64,69,65,9995,500,230,25,18,1150,920,400,5%
776631,23-08-2024,23-08-2024,Meta Ads  ,115536,40-44,M,29,35,33,6104,183,129.93,18,14,649.65,519.72,400,3%
776643,23-08-2024,23-08-2024,Meta Ads  ,115538,30-34,M,15,18,18,6342,127,100.33,8,6,501.65,401.32,400,2%
776644,23-08-2024,23-08-2024,Meta Ads  ,115538,30-34,M,15,21,20,8522,426,332.28,47,41,1329.12,996.84,300,5%
776659,23-08-2024,23-08-2024,Meta Ads  ,115541,30-34,M,16,19,22,6387,255,178.5,31,28,535.5,357,200,4%
776661,23-08-2024,23-08-2024,Meta Ads  ,115541,30-34,M,16,18,22,7108,213,153.36,19,17,306.72,153.36,100,3%
776662,22-08-2024,22-08-2024,Meta Ads  ,115541,30-34,M,16,18,22,8188,246,123,17,12,615,492,400,3%
776663,22-08-2024,22-08-2024,Meta Ads  ,115541,30-34,M,16,19,22,8038,161,117.53,8,7,352.59,235.06,200,2%
776668,22-08-2024,22-08-2024,Meta Ads  ,115542,40-44,M,19,21,24,8746,350,199.5,35,26,399,199.5,100,4%
776685,22-08-2024,22-08-2024,Meta Ads  ,115545,40-44,M,16,22,17,9539,191,129.88,11,8,259.76,129.88,100,2%
776686,22-08-2024,22-08-2024,Meta Ads  ,115545,40-44,M,16,17,21,8137,163,84.76,18,16,423.8,339.04,400,2%
776687,23-08-2024,23-08-2024,Meta Ads  ,115545,40-44,M,16,20,20,7269,363,217.8,36,31,653.4,435.6,200,5%
776696,22-08-2024,22-08-2024,Meta Ads  ,115547,30-34,M,10,11,12,8024,160,110.4,13,9,552,441.6,400,2%
776697,22-08-2024,22-08-2024,Meta Ads  ,115547,30-34,M,10,14,13,8217,164,119.72,16,14,478.88,359.16,300,2%
776698,22-08-2024,22-08-2024,Meta Ads  ,115547,30-34,M,10,14,16,8801,264,145.2,32,27,726,580.8,400,3%
776699,27-08-2024,27-08-2024,Meta Ads  ,115547,30-34,M,10,16,16,6203,124,84.32,9,6,252.96,168.64,200,2%
776722,27-08-2024,27-08-2024,Meta Ads  ,115551,30-34,M,2,4,7,9300,186,74.4,15,13,223.2,148.8,200,2%
776725,22-08-2024,22-08-2024,Meta Ads  ,115552,40-44,M,23,26,27,8884,355,177.5,43,36,355,177.5,100,4%
776780,22-08-2024,22-08-2024,Meta Ads  ,115561,40-44,M,2,4,3,6600,132,76.56,9,8,306.24,229.68,300,2%
776793,22-08-2024,22-08-2024,Meta Ads  ,115563,45-49,M,21,23,26,8624,431,193.95,52,42,387.9,193.95,100,5%
776799,22-08-2024,22-08-2024,Meta Ads  ,115564,45-49,M,20,22,26,9217,461,267.38,23,19,1336.9,1069.52,400,5%
776817,22-08-2024,22-08-2024,Meta Ads  ,115567,40-44,M,10,14,16,8243,412,251.32,37,28,753.96,502.64,200,5%
776825,23-08-2024,23-08-2024,Meta Ads  ,115568,45-49,M,18,23,20,6776,271,186.99,22,17,560.97,373.98,200,4%
776829,23-08-2024,23-08-2024,Meta Ads  ,115569,45-49,M,16,20,19,7347,294,149.94,26,19,299.88,149.94,100,4%
776831,22-08-2024,22-08-2024,Meta Ads  ,115569,45-49,M,16,18,20,9004,450,288,36,26,576,288,100,5%
776840,22-08-2024,22-08-2024,Meta Ads  ,115571,35-39,M,36,38,40,6052,303,151.5,36,30,303,151.5,100,5%
776861,22-08-2024,22-08-2024,Meta Ads  ,115574,45-49,M,7,9,12,6153,246,194.34,25,21,971.7,777.36,400,4%
776892,30-08-2024,30-08-2024,Meta Ads  ,115580,40-44,M,63,66,69,9658,483,212.52,48,34,637.56,425.04,200,5%
776928,30-08-2024,30-08-2024,Meta Ads  ,115586,35-39,M,10,11,15,8664,260,130,18,15,520,390,300,3%
776935,30-08-2024,30-08-2024,Meta Ads  ,115587,45-49,M,36,41,38,7997,320,217.6,32,23,435.2,217.6,100,4%
777105,30-08-2024,30-08-2024,Meta Ads  ,115615,45-49,M,63,67,67,9909,495,371.25,30,23,1113.75,742.5,200,5%
777130,30-08-2024,30-08-2024,Meta Ads  ,115619,35-39,M,16,21,22,9781,489,244.5,29,25,733.5,489,200,5%
777131,22-08-2024,22-08-2024,Meta Ads  ,115619,35-39,M,16,19,21,8267,165,100.65,17,14,201.3,100.65,100,2%
777166,30-08-2024,30-08-2024,Meta Ads  ,115625,30-34,M,63,69,65,6071,121,77.44,10,8,232.32,154.88,200,2%
777187,30-08-2024,30-08-2024,Meta Ads  ,115629,40-44,M,27,31,28,7132,143,100.1,7,6,300.3,200.2,200,2%
777198,30-08-2024,30-08-2024,Meta Ads  ,115631,30-34,M,64,70,69,6946,278,164.02,19,16,656.08,492.06,300,4%
777200,23-08-2024,23-08-2024,Meta Ads  ,115631,30-34,M,64,69,70,9198,184,86.48,15,12,432.4,345.92,400,2%
777201,23-08-2024,23-08-2024,Meta Ads  ,115631,30-34,M,64,69,65,7270,145,78.3,12,9,391.5,313.2,400,2%
777235,24-08-2024,24-08-2024,Meta Ads  ,115637,30-34,M,65,66,67,9540,286,134.42,23,20,537.68,403.26,300,3%
777248,24-08-2024,24-08-2024,Meta Ads  ,115639,30-34,F,7,9,10,9850,296,156.88,30,23,313.76,156.88,100,3%
777261,24-08-2024,24-08-2024,Meta Ads  ,115641,40-44,M,29,31,34,6020,241,137.37,27,19,412.11,274.74,200,4%
777382,25-08-2024,25-08-2024,Meta Ads  ,115675,40-44,M,24,26,27,8922,268,134,29,20,536,402,300,3%
777398,25-08-2024,25-08-2024,Meta Ads  ,115677,35-39,M,24,27,30,6882,206,94.76,19,14,284.28,189.52,200,3%
777410,25-08-2024,25-08-2024,Meta Ads  ,115679,45-49,M,26,29,28,7959,318,225.78,25,19,1128.9,903.12,400,4%
777482,25-08-2024,25-08-2024,Meta Ads  ,115691,45-49,M,28,32,32,7598,304,179.36,36,31,896.8,717.44,400,4%
777495,25-08-2024,25-08-2024,Meta Ads  ,115693,40-44,M,19,25,25,8538,427,311.71,51,46,623.42,311.71,100,5%
777519,24-08-2024,24-08-2024,Meta Ads  ,115697,45-49,M,29,34,32,6553,197,110.32,24,18,551.6,441.28,400,3%
777625,24-08-2024,24-08-2024,Meta Ads  ,115715,45-49,M,16,17,19,9046,181,132.13,22,16,528.52,396.39,300,2%
777627,23-08-2024,23-08-2024,Meta Ads  ,115715,45-49,M,16,17,19,9965,199,159.2,20,14,636.8,477.6,300,2%
777638,23-08-2024,23-08-2024,Meta Ads  ,115717,40-44,M,7,10,12,9781,391,261.97,43,32,785.91,523.94,200,4%
777670,23-08-2024,23-08-2024,Meta Ads  ,115723,40-44,M,16,19,19,8899,178,94.34,11,10,283.02,188.68,200,2%
777673,23-08-2024,23-08-2024,Meta Ads  ,115723,40-44,M,16,18,17,6026,181,132.13,18,14,396.39,264.26,200,3%
777742,23-08-2024,23-08-2024,Meta Ads  ,115735,35-39,M,64,69,68,6306,189,128.52,19,13,642.6,514.08,400,3%
777758,24-08-2024,24-08-2024,Meta Ads  ,115737,30-34,M,19,20,20,7383,148,116.92,13,9,350.76,233.84,200,2%
777794,24-08-2024,24-08-2024,Meta Ads  ,115743,30-34,M,18,23,24,7506,300,225,18,13,450,225,100,4%
777816,23-08-2024,23-08-2024,Meta Ads  ,115747,40-44,M,2,7,7,8728,436,270.32,48,39,810.96,540.64,200,5%
777871,23-08-2024,23-08-2024,Meta Ads  ,115756,30-34,M,20,26,23,7409,148,116.92,15,13,584.6,467.68,400,2%
777904,30-08-2024,30-08-2024,Meta Ads  ,115762,30-34,M,31,32,33,8057,322,151.34,19,13,605.36,454.02,300,4%
777905,30-08-2024,30-08-2024,Meta Ads  ,115762,30-34,M,31,36,36,7555,227,95.34,14,11,381.36,286.02,300,3%
778037,28-08-2024,28-08-2024,Meta Ads  ,115784,35-39,M,27,29,28,6329,316,211.72,28,21,635.16,423.44,200,5%
778048,28-08-2024,28-08-2024,Meta Ads  ,115786,30-34,M,27,28,29,7740,310,220.1,19,17,1100.5,880.4,400,4%
778085,28-08-2024,28-08-2024,Meta Ads  ,115792,30-34,M,26,32,31,6067,182,92.82,13,11,185.64,92.82,100,3%
778087,28-08-2024,28-08-2024,Meta Ads  ,115792,30-34,M,26,30,32,7944,318,190.8,38,28,381.6,190.8,100,4%
778112,28-08-2024,28-08-2024,Meta Ads  ,115796,35-39,M,29,33,35,9940,497,387.66,45,35,775.32,387.66,100,5%
778113,28-08-2024,28-08-2024,Meta Ads  ,115796,35-39,M,29,35,35,7861,236,120.36,28,20,240.72,120.36,100,3%
778124,28-08-2024,28-08-2024,Meta Ads  ,115798,30-34,M,29,34,32,6002,300,120,18,14,360,240,200,5%
778148,28-08-2024,28-08-2024,Meta Ads  ,115802,35-39,M,28,32,30,6818,136,106.08,16,14,530.4,424.32,400,2%
778156,28-08-2024,28-08-2024,Meta Ads  ,115804,30-34,M,28,32,31,9688,194,128.04,16,13,256.08,128.04,100,2%
778161,27-08-2024,27-08-2024,Meta Ads  ,115804,30-34,M,28,31,33,8343,250,100,23,19,400,300,300,3%
778208,27-08-2024,27-08-2024,Meta Ads  ,115812,40-44,F,29,32,32,6711,268,107.2,13,11,536,428.8,400,4%
778264,27-08-2024,27-08-2024,Meta Ads  ,115822,40-44,F,27,31,30,8401,420,281.4,21,18,1407,1125.6,400,5%
778266,27-08-2024,27-08-2024,Meta Ads  ,115822,40-44,F,27,32,28,7376,148,97.68,10,9,293.04,195.36,200,2%
778421,27-08-2024,27-08-2024,Meta Ads  ,115848,40-44,F,20,21,23,6807,272,187.68,30,21,375.36,187.68,100,4%
778422,27-08-2024,27-08-2024,Meta Ads  ,115848,40-44,F,20,25,24,9158,366,201.3,33,24,603.9,402.6,200,4%
778461,27-08-2024,27-08-2024,Meta Ads  ,115854,40-44,M,29,35,33,9849,394,271.86,39,30,1359.3,1087.44,400,4%
778471,27-08-2024,27-08-2024,Meta Ads  ,115856,30-34,M,32,35,36,6157,246,191.88,25,21,383.76,191.88,100,4%
778483,27-08-2024,27-08-2024,Meta Ads  ,115858,40-44,F,18,24,20,6468,323,184.11,23,17,736.44,552.33,300,5%
778529,27-08-2024,27-08-2024,Meta Ads  ,115866,30-34,M,31,35,33,9889,494,306.28,54,44,612.56,306.28,100,5%
778556,28-08-2024,28-08-2024,Meta Ads  ,115870,40-44,M,32,35,38,9379,375,300,41,37,600,300,100,4%
778590,28-08-2024,28-08-2024,Meta Ads  ,115876,30-34,M,30,36,36,8230,329,220.43,39,35,1102.15,881.72,400,4%
778600,29-08-2024,29-08-2024,Meta Ads  ,115878,40-44,F,22,23,25,6600,264,161.04,13,9,805.2,644.16,400,4%
778626,29-08-2024,29-08-2024,Meta Ads  ,115882,30-34,M,29,33,35,8703,348,261,42,30,783,522,200,4%
778628,29-08-2024,29-08-2024,Meta Ads  ,115882,30-34,M,29,35,30,6803,272,214.88,27,21,644.64,429.76,200,4%
778674,29-08-2024,29-08-2024,Meta Ads  ,115890,35-39,M,29,31,30,9186,459,238.68,23,17,477.36,238.68,100,5%
778689,30-08-2024,30-08-2024,Meta Ads  ,115892,30-34,M,28,32,32,7597,380,235.6,38,33,471.2,235.6,100,5%
778722,30-08-2024,30-08-2024,Meta Ads  ,115898,35-39,F,64,70,67,7898,237,161.16,24,20,483.48,322.32,200,3%
778737,30-08-2024,30-08-2024,Meta Ads  ,115900,35-39,M,27,32,30,8853,443,239.22,44,38,717.66,478.44,200,5%
778756,30-08-2024,30-08-2024,Meta Ads  ,115904,35-39,F,63,65,65,8319,333,193.14,17,12,965.7,772.56,400,4%
778804,30-08-2024,30-08-2024,Meta Ads  ,115912,30-34,M,26,29,29,9973,499,209.58,30,21,1047.9,838.32,400,5%
778808,29-08-2024,29-08-2024,Meta Ads  ,115912,30-34,M,26,28,29,9620,481,312.65,58,49,1250.6,937.95,300,5%
778964,29-08-2024,29-08-2024,Meta Ads  ,115938,35-39,F,27,33,28,7915,158,96.38,8,6,289.14,192.76,200,2%
779057,29-08-2024,29-08-2024,Meta Ads  ,115954,40-44,M,15,21,21,8265,331,158.88,40,35,476.64,317.76,200,4%
779106,28-08-2024,28-08-2024,Meta Ads  ,115962,35-39,F,30,35,36,7419,223,104.81,20,17,419.24,314.43,300,3%
779438,28-08-2024,28-08-2024,Meta Ads  ,116031,30-34,F,64,66,69,9438,378,211.68,23,18,423.36,211.68,100,4%
779453,29-08-2024,29-08-2024,Meta Ads  ,116033,45-49,M,64,68,70,6056,242,154.88,19,17,309.76,154.88,100,4%
779488,29-08-2024,29-08-2024,Meta Ads  ,116039,45-49,M,65,68,69,9935,397,166.74,40,35,333.48,166.74,100,4%
779573,29-08-2024,29-08-2024,Meta Ads  ,116053,35-39,F,10,13,16,9720,486,340.2,44,36,1701,1360.8,400,5%
779608,29-08-2024,29-08-2024,Meta Ads  ,116059,35-39,F,15,18,16,7286,219,111.69,22,20,335.07,223.38,200,3%
779609,29-08-2024,29-08-2024,Meta Ads  ,116059,35-39,F,15,20,18,6231,249,194.22,30,26,971.1,776.88,400,4%
779622,29-08-2024,29-08-2024,Meta Ads  ,116061,30-34,F,15,18,17,7189,216,120.96,19,14,241.92,120.96,100,3%
779631,19-08-2024,19-08-2024,Meta Ads  ,116063,35-39,F,16,19,18,9851,493,256.36,44,36,1025.44,769.08,300,5%
779644,19-08-2024,19-08-2024,Meta Ads  ,116065,30-34,F,16,20,20,9384,375,266.25,41,33,1065,798.75,300,4%
779645,22-08-2024,22-08-2024,Meta Ads  ,116065,30-34,F,16,21,20,8803,352,249.92,32,26,499.84,249.92,100,4%
779715,22-08-2024,22-08-2024,Meta Ads  ,116077,30-34,F,29,32,33,9643,482,231.36,34,27,462.72,231.36,100,5%
779716,22-08-2024,22-08-2024,Meta Ads  ,116077,30-34,F,29,32,34,8477,424,195.04,38,28,585.12,390.08,200,5%
779738,22-08-2024,22-08-2024,Meta Ads  ,116081,30-34,F,28,32,33,9028,361,216.6,18,14,866.4,649.8,300,4%
779778,22-08-2024,22-08-2024,Meta Ads  ,116087,30-34,F,31,37,34,6638,133,61.18,8,7,183.54,122.36,200,2%
779789,22-08-2024,22-08-2024,Meta Ads  ,116089,45-49,M,10,14,13,8356,167,91.85,13,9,459.25,367.4,400,2%
779824,22-08-2024,22-08-2024,Meta Ads  ,116095,45-49,M,7,13,9,9103,455,191.1,50,41,764.4,573.3,300,5%
779871,22-08-2024,22-08-2024,Meta Ads  ,116103,30-34,F,32,37,34,7841,235,141,12,10,282,141,100,3%
779918,22-08-2024,22-08-2024,Meta Ads  ,116111,30-34,F,18,23,24,9919,496,228.16,50,40,912.64,684.48,300,5%
779922,22-08-2024,22-08-2024,Meta Ads  ,116111,30-34,F,18,22,24,7133,214,87.74,17,13,350.96,263.22,300,3%
779944,21-08-2024,21-08-2024,Meta Ads  ,116115,35-39,M,10,13,16,9345,280,224,25,18,448,224,100,3%
779979,21-08-2024,21-08-2024,Meta Ads  ,116121,35-39,M,16,17,21,9766,488,366,39,28,1098,732,200,5%
779995,21-08-2024,21-08-2024,Meta Ads  ,116123,30-34,F,20,24,25,7038,141,108.57,8,7,325.71,217.14,200,2%
780064,21-08-2024,21-08-2024,Meta Ads  ,116135,30-34,F,22,24,25,7668,307,150.43,21,16,300.86,150.43,100,4%
780104,21-08-2024,21-08-2024,Meta Ads  ,116147,30-34,F,25,27,26,9659,386,308.8,35,29,926.4,617.6,200,4%
780199,22-08-2024,22-08-2024,Meta Ads  ,116163,35-39,F,23,28,27,6705,201,152.76,12,9,763.8,611.04,400,3%
780318,22-08-2024,22-08-2024,Meta Ads  ,116183,45-49,F,29,32,31,9715,486,364.5,29,22,1822.5,1458,400,5%
780323,21-08-2024,21-08-2024,Meta Ads  ,116183,45-49,F,29,35,34,6922,208,114.4,25,18,228.8,114.4,100,3%
780486,21-08-2024,21-08-2024,Meta Ads  ,116216,30-34,F,65,69,71,7197,360,226.8,43,38,453.6,226.8,100,5%
780498,22-08-2024,22-08-2024,Meta Ads  ,116218,30-34,F,64,65,68,6281,314,166.42,28,22,832.1,665.68,400,5%
780511,23-08-2024,23-08-2024,Meta Ads  ,116220,30-34,F,63,65,66,9478,190,119.7,17,13,239.4,119.7,100,2%
780629,24-08-2024,24-08-2024,Meta Ads  ,116240,30-34,F,28,34,34,6395,128,81.92,8,6,245.76,163.84,200,2%
780653,24-08-2024,24-08-2024,Influencer Marketing,116244,30-34,F,29,33,35,7132,214,111.28,11,8,445.12,333.84,300,3%
780655,24-08-2024,24-08-2024,Influencer Marketing,116244,30-34,F,29,33,34,6420,128,83.2,12,10,249.6,166.4,200,2%
780666,24-08-2024,24-08-2024,Influencer Marketing,116246,45-49,F,10,13,13,6166,308,246.4,25,22,1232,985.6,400,5%
780681,24-08-2024,24-08-2024,Influencer Marketing,116248,30-34,F,26,29,29,6411,321,157.29,22,17,629.16,471.87,300,5%
780700,18-08-2024,18-08-2024,Influencer Marketing,116252,30-34,F,27,33,30,7643,382,156.62,27,23,469.86,313.24,200,5%
780748,18-08-2024,18-08-2024,Influencer Marketing,116265,30-34,F,24,26,28,8662,173,76.12,17,15,380.6,304.48,400,2%
780759,18-08-2024,18-08-2024,Influencer Marketing,116267,45-49,F,18,24,22,7779,156,90.48,12,10,271.44,180.96,200,2%
780760,24-08-2024,24-08-2024,Influencer Marketing,116267,45-49,F,18,23,22,7448,298,214.56,15,11,429.12,214.56,100,4%
780797,24-08-2024,24-08-2024,Influencer Marketing,116273,30-34,F,22,25,25,9375,281,157.36,14,11,472.08,314.72,200,3%
780799,23-08-2024,23-08-2024,Influencer Marketing,116273,30-34,F,22,24,26,8824,441,185.22,53,45,555.66,370.44,200,5%
780821,23-08-2024,23-08-2024,Influencer Marketing,116277,30-34,F,23,24,25,6141,307,159.64,21,16,319.28,159.64,100,5%
780830,23-08-2024,23-08-2024,Influencer Marketing,116279,45-49,F,16,17,17,6080,122,68.32,6,4,136.64,68.32,100,2%
780835,23-08-2024,23-08-2024,Influencer Marketing,116279,45-49,F,16,21,21,8580,172,89.44,14,12,268.32,178.88,200,2%
780867,23-08-2024,23-08-2024,Influencer Marketing,116285,30-34,F,21,27,26,8733,437,214.13,35,26,856.52,642.39,300,5%
780974,23-08-2024,23-08-2024,Influencer Marketing,116303,40-44,F,32,38,36,7520,301,165.55,21,19,827.75,662.2,400,4%
781066,23-08-2024,23-08-2024,Influencer Marketing,116323,40-44,F,22,26,25,6973,139,66.72,7,6,200.16,133.44,200,2%
781114,23-08-2024,23-08-2024,Influencer Marketing,116331,40-44,F,18,24,22,9731,292,140.16,18,14,560.64,420.48,300,3%
781159,23-08-2024,23-08-2024,Influencer Marketing,116339,40-44,F,10,15,11,8380,419,322.63,29,21,967.89,645.26,200,5%
781162,21-08-2024,21-08-2024,Influencer Marketing,116339,40-44,F,10,11,13,6664,200,104,12,9,520,416,400,3%
781175,21-08-2024,21-08-2024,Influencer Marketing,116341,40-44,F,15,16,21,9915,496,282.72,35,28,848.16,565.44,200,5%
781187,18-08-2024,18-08-2024,Influencer Marketing,116343,40-44,F,16,22,19,6933,277,119.11,19,17,238.22,119.11,100,4%
781195,18-08-2024,18-08-2024,Influencer Marketing,116345,35-39,F,63,67,69,7919,238,102.34,29,21,511.7,409.36,400,3%
781207,18-08-2024,18-08-2024,Influencer Marketing,116347,35-39,F,64,67,70,6888,344,182.32,28,25,729.28,546.96,300,5%
781303,19-08-2024,19-08-2024,Influencer Marketing,116363,35-39,F,27,29,30,6020,301,240.8,30,23,481.6,240.8,100,5%
781305,19-08-2024,19-08-2024,Influencer Marketing,116363,35-39,F,27,30,28,6001,300,234,21,16,702,468,200,5%
781327,19-08-2024,19-08-2024,Influencer Marketing,116367,35-39,F,29,35,35,6640,133,101.08,15,11,202.16,101.08,100,2%
781353,19-08-2024,19-08-2024,Influencer Marketing,116371,35-39,F,10,13,15,8864,443,354.4,44,39,1063.2,708.8,200,5%
781354,19-08-2024,19-08-2024,Influencer Marketing,116371,35-39,F,10,14,16,6018,181,110.41,9,8,441.64,331.23,300,3%
781438,18-08-2024,18-08-2024,Influencer Marketing,116385,30-34,M,63,65,68,7045,211,135.04,17,14,540.16,405.12,300,3%
781470,18-08-2024,18-08-2024,Influencer Marketing,116391,35-39,M,16,17,18,6606,264,179.52,16,12,359.04,179.52,100,4%
781499,18-08-2024,18-08-2024,Influencer Marketing,116395,35-39,M,15,21,20,6988,349,171.01,21,17,342.02,171.01,100,5%
781508,24-08-2024,24-08-2024,Influencer Marketing,116397,30-34,F,63,68,64,8062,403,286.13,20,18,1144.52,858.39,300,5%
781556,24-08-2024,24-08-2024,Influencer Marketing,116405,30-34,F,32,37,36,8148,326,205.38,16,11,616.14,410.76,200,4%
781559,18-08-2024,18-08-2024,Influencer Marketing,116405,30-34,F,32,38,34,7364,368,202.4,29,24,607.2,404.8,200,5%
781606,18-08-2024,18-08-2024,Influencer Marketing,116413,35-39,M,20,21,24,8061,242,116.16,17,14,232.32,116.16,100,3%
781690,18-08-2024,18-08-2024,Influencer Marketing,116427,45-49,F,26,28,30,7531,226,103.96,25,20,415.84,311.88,300,3%
781811,18-08-2024,18-08-2024,Influencer Marketing,116447,35-39,F,16,17,22,6352,191,95.5,23,16,286.5,191,200,3%
781857,18-08-2024,18-08-2024,Influencer Marketing,116455,30-34,M,20,21,24,7715,231,154.77,18,15,309.54,154.77,100,3%
781858,18-08-2024,18-08-2024,Influencer Marketing,116455,30-34,M,20,25,22,8476,424,224.72,47,33,898.88,674.16,300,5%
781907,19-08-2024,19-08-2024,Influencer Marketing,116463,45-49,F,21,27,23,9577,479,378.41,48,38,1135.23,756.82,200,5%
781928,19-08-2024,19-08-2024,Influencer Marketing,116467,30-34,M,18,21,22,8144,326,192.34,23,20,961.7,769.36,400,4%
781929,20-08-2024,20-08-2024,Influencer Marketing,116467,30-34,M,18,21,21,9209,184,92,22,18,184,92,100,2%
781950,20-08-2024,20-08-2024,Influencer Marketing,116471,30-34,F,20,26,21,7332,293,205.1,15,12,1025.5,820.4,400,4%
781999,20-08-2024,20-08-2024,Influencer Marketing,116479,30-34,M,24,30,29,6320,253,192.28,20,17,961.4,769.12,400,4%
782001,20-08-2024,20-08-2024,Influencer Marketing,116479,30-34,M,24,30,28,9775,196,143.08,24,22,286.16,143.08,100,2%
782022,20-08-2024,20-08-2024,Influencer Marketing,116483,30-34,F,18,24,20,7439,298,211.58,33,24,634.74,423.16,200,4%
782026,21-08-2024,21-08-2024,Influencer Marketing,116483,30-34,F,18,24,20,8668,260,130,21,15,260,130,100,3%
782130,21-08-2024,21-08-2024,Influencer Marketing,116501,30-34,F,16,18,21,9526,381,278.13,34,26,834.39,556.26,200,4%
782134,21-08-2024,21-08-2024,Influencer Marketing,116501,30-34,F,16,19,21,8207,246,113.16,20,15,452.64,339.48,300,3%
782135,20-08-2024,20-08-2024,Influencer Marketing,116501,30-34,F,16,20,17,7800,390,206.7,20,16,1033.5,826.8,400,5%
782171,20-08-2024,20-08-2024,Influencer Marketing,116507,30-34,F,30,31,32,9009,270,108,30,24,216,108,100,3%
782180,19-08-2024,19-08-2024,Influencer Marketing,116509,30-34,M,29,34,30,6061,121,70.18,10,9,280.72,210.54,300,2%
782219,19-08-2024,19-08-2024,Influencer Marketing,116515,30-34,M,26,27,32,7282,364,149.24,40,32,596.96,447.72,300,5%
782228,19-08-2024,19-08-2024,Influencer Marketing,116517,40-44,F,63,64,66,8300,415,253.15,25,21,759.45,506.3,200,5%
782242,19-08-2024,19-08-2024,Influencer Marketing,116519,30-34,F,28,34,31,6617,331,254.87,20,15,1274.35,1019.48,400,5%
782275,19-08-2024,19-08-2024,Influencer Marketing,116525,30-34,F,29,31,30,6291,252,131.04,25,23,655.2,524.16,400,4%
782337,20-08-2024,20-08-2024,Influencer Marketing,116535,45-49,F,16,18,19,7559,302,184.22,27,19,552.66,368.44,200,4%
782407,20-08-2024,20-08-2024,Influencer Marketing,116547,45-49,F,10,12,11,6095,305,183,15,12,732,549,300,5%
782443,20-08-2024,20-08-2024,Influencer Marketing,116553,40-44,F,20,25,24,8069,403,278.07,32,28,834.21,556.14,200,5%
782541,20-08-2024,20-08-2024,Influencer Marketing,116569,40-44,F,28,29,30,6469,259,163.17,28,22,326.34,163.17,100,4%
782587,18-08-2024,18-08-2024,Influencer Marketing,116577,30-34,M,10,13,16,8417,253,139.15,15,11,695.75,556.6,400,3%
782647,18-08-2024,18-08-2024,Influencer Marketing,116587,40-44,F,27,33,30,7788,312,209.04,28,21,627.12,418.08,200,4%
782658,23-08-2024,23-08-2024,Influencer Marketing,116589,30-34,M,15,17,19,8177,164,91.84,20,16,459.2,367.36,400,2%
782694,23-08-2024,23-08-2024,Influencer Marketing,116595,35-39,F,29,31,35,7900,316,221.2,22,15,884.8,663.6,300,4%
782706,23-08-2024,23-08-2024,Influencer Marketing,116597,35-39,F,30,32,32,7458,298,160.92,15,12,321.84,160.92,100,4%
782754,23-08-2024,23-08-2024,Influencer Marketing,116605,35-39,F,26,31,32,7991,320,182.4,16,14,364.8,182.4,100,4%
782815,23-08-2024,23-08-2024,Influencer Marketing,116615,40-44,F,10,16,15,6190,186,89.28,17,13,178.56,89.28,100,3%
782816,23-08-2024,23-08-2024,Influencer Marketing,116615,40-44,F,10,13,11,7366,368,272.32,29,23,816.96,544.64,200,5%
782862,23-08-2024,23-08-2024,Influencer Marketing,116623,35-39,F,64,70,67,7665,307,221.04,25,18,663.12,442.08,200,4%
950068,23-08-2024,23-08-2024,Influencer Marketing,123438,30-34,M,10,12,13,8693,174,114.84,10,7,229.68,114.84,100,2%
950078,22-08-2024,22-08-2024,Influencer Marketing,123440,30-34,M,16,22,17,6885,138,75.9,10,7,151.8,75.9,100,2%
950079,22-08-2024,22-08-2024,Influencer Marketing,123440,30-34,M,16,20,22,9749,390,230.1,20,16,460.2,230.1,100,4%
950099,22-08-2024,22-08-2024,Influencer Marketing,123443,30-34,M,18,23,23,7696,154,120.12,15,11,480.48,360.36,300,2%
950109,22-08-2024,22-08-2024,Influencer Marketing,123445,30-34,M,20,24,22,8626,259,155.4,18,14,621.6,466.2,300,3%
950170,22-08-2024,22-08-2024,Influencer Marketing,123455,30-34,M,15,19,16,8485,424,250.16,51,41,1250.8,1000.64,400,5%
950179,22-08-2024,22-08-2024,Influencer Marketing,123457,30-34,M,16,22,19,7423,297,148.5,24,18,742.5,594,400,4%
950182,22-08-2024,22-08-2024,Influencer Marketing,123457,30-34,M,16,20,19,7829,313,175.28,22,19,525.84,350.56,200,4%
950183,22-08-2024,22-08-2024,Influencer Marketing,123457,30-34,M,16,22,19,8817,265,206.7,19,15,826.8,620.1,300,3%
950200,22-08-2024,22-08-2024,Influencer Marketing,123460,30-34,M,10,13,15,8244,412,292.52,41,31,877.56,585.04,200,5%
950224,22-08-2024,22-08-2024,Influencer Marketing,123464,40-44,M,20,21,23,7652,230,177.1,12,10,708.4,531.3,300,3%
950326,22-08-2024,22-08-2024,Influencer Marketing,123481,35-39,M,16,19,22,9840,492,196.8,39,34,393.6,196.8,100,5%
950345,23-08-2024,23-08-2024,Influencer Marketing,123484,30-34,M,64,66,65,8431,253,161.92,28,24,323.84,161.92,100,3%
950452,23-08-2024,23-08-2024,Influencer Marketing,123502,45-49,M,16,22,22,9912,198,85.14,14,11,340.56,255.42,300,2%
950463,19-08-2024,19-08-2024,Influencer Marketing,123504,45-49,M,15,19,18,8149,244,156.16,20,18,468.48,312.32,200,3%
950495,19-08-2024,19-08-2024,Influencer Marketing,123509,45-49,M,21,25,25,8238,165,94.05,12,9,282.15,188.1,200,2%
950521,18-08-2024,18-08-2024,Influencer Marketing,123514,30-34,M,21,27,25,9434,283,164.14,31,27,492.42,328.28,200,3%
950531,19-08-2024,19-08-2024,Influencer Marketing,123515,45-49,M,22,24,26,7476,224,136.64,25,19,409.92,273.28,200,3%
950537,19-08-2024,19-08-2024,Influencer Marketing,123516,40-44,M,36,41,40,7473,374,183.26,26,23,549.78,366.52,200,5%
950550,19-08-2024,19-08-2024,Influencer Marketing,123519,30-34,M,30,35,36,6363,191,126.06,13,12,504.24,378.18,300,3%
950577,19-08-2024,19-08-2024,Influencer Marketing,123523,30-34,M,32,38,34,7754,233,104.85,26,19,524.25,419.4,400,3%
950578,19-08-2024,19-08-2024,Influencer Marketing,123523,30-34,M,32,37,37,8099,243,104.49,15,14,417.96,313.47,300,3%
950595,18-08-2024,18-08-2024,Influencer Marketing,123526,30-34,M,26,30,31,6736,202,159.58,24,21,478.74,319.16,200,3%
950609,18-08-2024,18-08-2024,Influencer Marketing,123528,30-34,M,29,31,35,6061,303,139.38,15,11,418.14,278.76,200,5%
950629,23-08-2024,23-08-2024,Influencer Marketing,123532,30-34,M,65,67,68,8128,406,174.58,24,18,698.32,523.74,300,5%
950631,23-08-2024,23-08-2024,Influencer Marketing,123532,30-34,M,65,70,70,6789,136,106.08,15,12,530.4,424.32,400,2%
950649,23-08-2024,23-08-2024,Influencer Marketing,123535,30-34,M,64,67,70,6189,124,49.6,15,11,99.2,49.6,100,2%
950745,18-08-2024,18-08-2024,Influencer Marketing,123551,30-34,M,29,32,31,7650,383,168.52,42,37,337.04,168.52,100,5%
950770,18-08-2024,18-08-2024,Influencer Marketing,123555,30-34,M,28,31,30,7197,360,226.8,32,27,680.4,453.6,200,5%
950772,18-08-2024,18-08-2024,Influencer Marketing,123556,35-39,M,28,30,33,8341,250,120,30,23,480,360,300,3%
950773,18-08-2024,18-08-2024,Influencer Marketing,123556,35-39,M,28,29,32,9643,482,294.02,34,29,588.04,294.02,100,5%
950776,18-08-2024,18-08-2024,Influencer Marketing,123556,35-39,M,28,29,32,9858,197,128.05,10,8,256.1,128.05,100,2%
950787,18-08-2024,18-08-2024,Influencer Marketing,123558,30-34,M,27,32,30,6101,244,185.44,20,14,370.88,185.44,100,4%
950808,22-08-2024,22-08-2024,Influencer Marketing,123562,35-39,M,32,33,38,9397,470,263.2,47,38,1052.8,789.6,300,5%
950839,22-08-2024,22-08-2024,Influencer Marketing,123567,30-34,M,24,29,25,7118,285,168.15,26,21,504.45,336.3,200,4%
950878,19-08-2024,19-08-2024,Influencer Marketing,123573,40-44,M,10,11,15,8492,255,188.7,20,18,566.1,377.4,200,3%
950969,19-08-2024,19-08-2024,Influencer Marketing,123588,45-49,M,36,38,40,8548,427,273.28,51,38,819.84,546.56,200,5%
951021,19-08-2024,19-08-2024,Influencer Marketing,123597,30-34,F,7,13,9,8910,356,142.4,28,25,284.8,142.4,100,4%
951033,19-08-2024,19-08-2024,Influencer Marketing,123599,30-34,F,10,13,13,9410,471,277.89,28,24,1111.56,833.67,300,5%
951035,19-08-2024,19-08-2024,Influencer Marketing,123599,30-34,F,10,15,12,6519,130,80.6,10,7,403,322.4,400,2%
951043,19-08-2024,19-08-2024,Influencer Marketing,123601,30-34,F,16,22,17,8640,346,238.74,42,35,954.96,716.22,300,4%
951045,19-08-2024,19-08-2024,Influencer Marketing,123601,30-34,F,16,20,21,9561,478,258.12,43,33,1032.48,774.36,300,5%
951046,19-08-2024,19-08-2024,Influencer Marketing,123601,30-34,F,16,18,17,9194,276,187.68,25,20,750.72,563.04,300,3%
951102,19-08-2024,19-08-2024,Influencer Marketing,123611,45-49,M,16,18,19,6110,244,100.04,12,10,400.16,300.12,300,4%
951105,19-08-2024,19-08-2024,Influencer Marketing,123611,45-49,M,16,20,21,9282,186,94.86,15,11,189.72,94.86,100,2%
951133,18-08-2024,18-08-2024,Influencer Marketing,123616,35-39,M,16,21,19,7402,148,85.84,7,5,429.2,343.36,400,2%
951202,18-08-2024,18-08-2024,Influencer Marketing,123627,45-49,F,26,29,28,9758,293,210.96,32,26,843.84,632.88,300,3%
951225,18-08-2024,18-08-2024,Influencer Marketing,123631,35-39,F,22,28,28,9766,195,122.85,10,7,245.7,122.85,100,2%
951270,18-08-2024,18-08-2024,Influencer Marketing,123639,35-39,F,18,21,19,6150,246,127.92,22,19,511.68,383.76,300,4%
951282,18-08-2024,18-08-2024,Influencer Marketing,123641,35-39,F,16,22,17,9418,471,320.28,57,44,640.56,320.28,100,5%
951285,19-08-2024,19-08-2024,Influencer Marketing,123641,35-39,F,16,20,20,9558,191,110.78,15,13,332.34,221.56,200,2%
951294,19-08-2024,19-08-2024,Influencer Marketing,123643,35-39,F,15,16,17,8642,432,177.12,26,21,885.6,708.48,400,5%
951305,19-08-2024,19-08-2024,Influencer Marketing,123644,35-39,F,10,12,13,7713,154,81.62,17,15,244.86,163.24,200,2%
951334,18-08-2024,18-08-2024,Influencer Marketing,123649,30-34,F,64,70,69,7045,352,147.84,39,28,739.2,591.36,400,5%
951391,19-08-2024,19-08-2024,Influencer Marketing,123659,30-34,F,28,29,33,8453,423,219.96,51,41,659.88,439.92,200,5%
951392,20-08-2024,20-08-2024,Influencer Marketing,123659,30-34,F,28,31,32,8045,161,75.67,10,8,302.68,227.01,300,2%
951400,21-08-2024,21-08-2024,Influencer Marketing,123660,45-49,F,10,12,15,7828,391,258.06,23,18,1032.24,774.18,300,5%
951402,21-08-2024,21-08-2024,Influencer Marketing,123661,30-34,F,29,32,31,7764,388,186.24,47,38,558.72,372.48,200,5%
951413,21-08-2024,21-08-2024,Influencer Marketing,123662,30-34,F,26,29,27,8441,422,236.32,34,26,945.28,708.96,300,5%
951420,21-08-2024,21-08-2024,Influencer Marketing,123664,30-34,F,27,33,32,6722,202,111.1,16,14,555.5,444.4,400,3%
951444,21-08-2024,21-08-2024,Influencer Marketing,123668,30-34,F,25,28,26,9722,389,276.19,23,17,1104.76,828.57,300,4%
951448,22-08-2024,22-08-2024,Influencer Marketing,123668,30-34,F,25,30,28,9812,294,176.4,18,15,882,705.6,400,3%
951462,21-08-2024,21-08-2024,Influencer Marketing,123671,45-49,F,16,20,19,8811,352,278.08,21,19,1112.32,834.24,300,4%
951464,21-08-2024,21-08-2024,Influencer Marketing,123671,45-49,F,16,17,21,6596,198,140.58,16,14,281.16,140.58,100,3%
951465,21-08-2024,21-08-2024,Influencer Marketing,123671,45-49,F,16,18,17,9014,451,193.93,54,47,387.86,193.93,100,5%
951498,21-08-2024,21-08-2024,Influencer Marketing,123677,45-49,F,20,22,21,8479,424,330.72,47,39,1653.6,1322.88,400,5%
951508,21-08-2024,21-08-2024,Influencer Marketing,123678,30-34,F,18,21,22,6976,140,106.4,11,9,212.8,106.4,100,2%
951542,20-08-2024,20-08-2024,Influencer Marketing,123684,40-44,F,27,32,28,6235,125,82.5,14,12,412.5,330,400,2%
951607,20-08-2024,20-08-2024,Influencer Marketing,123695,40-44,F,10,15,15,7456,224,114.24,18,14,342.72,228.48,200,3%
951608,20-08-2024,20-08-2024,Influencer Marketing,123695,40-44,F,10,15,13,7348,367,209.19,44,34,836.76,627.57,300,5%
951641,20-08-2024,20-08-2024,Influencer Marketing,123700,40-44,F,2,4,7,8345,417,175.14,42,29,700.56,525.42,300,5%
951677,20-08-2024,20-08-2024,Influencer Marketing,123706,35-39,F,27,28,31,8422,421,231.55,46,41,463.1,231.55,100,5%
951692,21-08-2024,21-08-2024,Influencer Marketing,123709,35-39,F,10,15,14,8693,348,247.08,31,22,741.24,494.16,200,4%
951715,20-08-2024,20-08-2024,Influencer Marketing,123713,45-49,F,64,65,65,6290,189,109.62,11,9,219.24,109.62,100,3%
951756,20-08-2024,20-08-2024,Influencer Marketing,123720,35-39,F,22,25,26,8434,337,168.5,27,21,505.5,337,200,4%
951779,20-08-2024,20-08-2024,Influencer Marketing,123723,45-49,F,27,32,29,7555,151,78.52,17,14,157.04,78.52,100,2%
951782,24-08-2024,24-08-2024,Influencer Marketing,123724,45-49,F,26,30,29,9415,188,103.4,23,20,517,413.6,400,2%
951810,24-08-2024,24-08-2024,Influencer Marketing,123729,35-39,F,16,17,22,8361,167,81.83,17,13,245.49,163.66,200,2%
951812,29-08-2024,29-08-2024,Influencer Marketing,123729,35-39,F,16,18,18,6374,127,85.09,14,11,255.27,170.18,200,2%
951837,29-08-2024,29-08-2024,Influencer Marketing,123733,45-49,F,20,23,23,6982,209,137.94,15,13,551.76,413.82,300,3%
951853,29-08-2024,29-08-2024,Influencer Marketing,123736,30-34,F,20,23,25,7742,155,77.5,8,7,232.5,155,200,2%
951854,25-08-2024,25-08-2024,Influencer Marketing,123736,30-34,F,20,26,25,8591,172,132.44,19,16,397.32,264.88,200,2%
951856,25-08-2024,25-08-2024,Influencer Marketing,123736,30-34,F,20,23,21,8471,169,111.54,14,12,223.08,111.54,100,2%
951941,25-08-2024,25-08-2024,Influencer Marketing,123750,30-34,F,28,33,34,9386,375,206.25,19,14,825,618.75,300,4%
952001,25-08-2024,25-08-2024,Influencer Marketing,123760,45-49,F,10,12,13,7972,239,174.47,29,24,348.94,174.47,100,3%
952031,25-08-2024,25-08-2024,Influencer Marketing,123765,40-44,F,16,17,17,9999,300,147,24,19,588,441,300,3%
952080,29-08-2024,29-08-2024,Influencer Marketing,123774,40-44,F,27,30,30,9281,464,306.24,37,28,918.72,612.48,200,5%
952100,29-08-2024,29-08-2024,Influencer Marketing,123777,35-39,F,29,31,30,7902,395,181.7,47,36,363.4,181.7,100,5%
1121091,28-08-2024,28-08-2024,Google ads,144531,30-34,M,10,11,15,8449,169,125.06,10,9,250.12,125.06,100,2%
1121092,28-08-2024,28-08-2024,Google ads,144531,30-34,M,10,12,11,7361,147,107.31,7,5,536.55,429.24,400,2%
1121094,28-08-2024,28-08-2024,Google ads,144531,30-34,M,10,16,15,9814,294,223.44,15,13,1117.2,893.76,400,3%
1121095,28-08-2024,28-08-2024,Google ads,144531,30-34,M,10,16,12,6266,313,244.14,19,16,732.42,488.28,200,5%
1121096,28-08-2024,28-08-2024,Google ads,144531,30-34,M,10,11,16,9250,370,288.6,44,39,577.2,288.6,100,4%
1121097,29-08-2024,29-08-2024,Google ads,144532,30-34,M,15,18,18,7872,394,303.38,43,30,1516.9,1213.52,400,5%
1121098,29-08-2024,29-08-2024,Google ads,144532,30-34,M,15,18,21,9112,273,122.85,22,19,491.4,368.55,300,3%
1121100,29-08-2024,29-08-2024,Google ads,144532,30-34,M,15,20,17,9551,287,172.2,20,18,688.8,516.6,300,3%
1121101,28-08-2024,28-08-2024,Google ads,144532,30-34,M,15,17,21,9664,193,115.8,12,11,231.6,115.8,100,2%
1121102,25-08-2024,25-08-2024,Google ads,144532,30-34,M,15,18,20,7086,142,110.76,10,8,443.04,332.28,300,2%
1121104,25-08-2024,25-08-2024,Google ads,144533,30-34,M,16,20,20,6391,128,83.2,13,11,166.4,83.2,100,2%
1121105,26-08-2024,26-08-2024,Google ads,144533,30-34,M,16,22,19,8930,179,103.82,16,13,415.28,311.46,300,2%
1121107,26-08-2024,26-08-2024,Google ads,144533,30-34,M,16,17,19,7227,145,82.65,7,6,330.6,247.95,300,2%
1121108,26-08-2024,26-08-2024,Google ads,144533,30-34,M,16,20,18,9124,182,132.86,13,10,531.44,398.58,300,2%
1121110,26-08-2024,26-08-2024,Google ads,144534,30-34,M,18,20,22,6239,250,125,15,11,375,250,200,4%
1121111,26-08-2024,26-08-2024,Google ads,144534,30-34,M,18,19,21,8284,414,198.72,37,28,596.16,397.44,200,5%
1121113,27-08-2024,27-08-2024,Google ads,144534,30-34,M,18,24,24,7220,144,74.88,12,9,299.52,224.64,300,2%
1121114,27-08-2024,27-08-2024,Google ads,144534,30-34,M,18,23,23,7808,156,106.08,16,13,424.32,318.24,300,2%
1121115,26-08-2024,26-08-2024,Google ads,144535,30-34,M,19,21,21,9387,188,135.36,9,7,541.44,406.08,300,2%
1121116,26-08-2024,26-08-2024,Google ads,144535,30-34,M,19,20,24,9856,493,251.43,59,45,502.86,251.43,100,5%
1121117,26-08-2024,26-08-2024,Google ads,144535,30-34,M,19,24,25,8716,349,223.36,35,26,446.72,223.36,100,4%
1121119,25-08-2024,25-08-2024,Google ads,144535,30-34,M,19,21,22,8781,176,82.72,19,15,413.6,330.88,400,2%
1121121,25-08-2024,25-08-2024,Google ads,144536,30-34,M,20,22,25,7793,156,124.8,14,10,624,499.2,400,2%
1121122,25-08-2024,25-08-2024,Google ads,144536,30-34,M,20,21,25,9725,195,122.85,21,15,614.25,491.4,400,2%
1121123,25-08-2024,25-08-2024,Google ads,144536,30-34,M,20,24,22,6639,266,186.2,13,12,372.4,186.2,100,4%
1121124,26-08-2024,26-08-2024,Google ads,144536,30-34,M,20,26,24,6194,186,130.2,9,7,520.8,390.6,300,3%
1121125,26-08-2024,26-08-2024,Google ads,144536,30-34,M,20,26,24,9627,385,234.85,31,22,469.7,234.85,100,4%
1121126,26-08-2024,26-08-2024,Google ads,144536,30-34,M,20,21,24,7092,142,83.78,7,6,335.12,251.34,300,2%
1121127,26-08-2024,26-08-2024,Google ads,144537,30-34,M,21,23,22,7549,151,78.52,18,15,392.6,314.08,400,2%
1121128,26-08-2024,26-08-2024,Google ads,144537,30-34,M,21,26,22,9297,372,252.96,26,23,1011.84,758.88,300,4%
1121129,28-08-2024,28-08-2024,Google ads,144537,30-34,M,21,25,25,8437,253,134.09,15,11,402.27,268.18,200,3%
1121131,28-08-2024,28-08-2024,Google ads,144537,30-34,M,21,27,25,9952,199,85.57,18,15,342.28,256.71,300,2%
1121132,21-08-2024,21-08-2024,Google ads,144537,30-34,M,21,23,27,9730,292,219,18,13,657,438,200,3%
1121133,21-08-2024,21-08-2024,Google ads,144538,30-34,M,22,25,23,7604,380,292.6,38,27,585.2,292.6,100,5%
1121134,21-08-2024,21-08-2024,Google ads,144538,30-34,M,22,27,28,7624,229,160.3,25,20,480.9,320.6,200,3%
1121136,21-08-2024,21-08-2024,Google ads,144538,30-34,M,22,26,26,9447,378,189,30,27,945,756,400,4%
1121138,21-08-2024,21-08-2024,Google ads,144538,30-34,M,22,26,24,8362,251,117.97,18,15,471.88,353.91,300,3%
1121141,21-08-2024,21-08-2024,Google ads,144539,30-34,M,23,29,27,6568,328,190.24,36,32,760.96,570.72,300,5%
1121142,21-08-2024,21-08-2024,Google ads,144539,30-34,M,23,24,27,6279,126,97.02,6,5,485.1,388.08,400,2%
1121143,21-08-2024,21-08-2024,Google ads,144539,30-34,M,23,28,27,9272,278,186.26,28,25,372.52,186.26,100,3%
1121152,20-08-2024,20-08-2024,Google ads,144541,30-34,M,24,29,28,8628,173,103.8,12,10,311.4,207.6,200,2%
1121153,20-08-2024,20-08-2024,Google ads,144541,30-34,M,24,27,30,9269,463,250.02,37,31,1000.08,750.06,300,5%
1121164,19-08-2024,19-08-2024,Google ads,144545,30-34,M,25,31,30,9237,369,169.74,33,27,848.7,678.96,400,4%
1121167,19-08-2024,19-08-2024,Google ads,144545,30-34,M,25,29,31,7604,304,158.08,27,24,474.24,316.16,200,4%
1121168,19-08-2024,19-08-2024,Google ads,144545,30-34,M,25,27,28,6611,132,73.92,7,6,221.76,147.84,200,2%
1121172,20-08-2024,20-08-2024,Google ads,144547,30-34,M,26,30,28,9881,395,193.55,36,26,774.2,580.65,300,4%
1121173,20-08-2024,20-08-2024,Google ads,144547,30-34,M,26,31,32,7633,229,151.14,11,9,302.28,151.14,100,3%
1121175,20-08-2024,20-08-2024,Google ads,144547,30-34,M,26,28,29,8915,357,171.36,43,36,342.72,171.36,100,4%
1121177,20-08-2024,20-08-2024,Google ads,144547,30-34,M,26,28,29,8753,438,275.94,35,27,827.82,551.88,200,5%
1121181,20-08-2024,20-08-2024,Google ads,144549,30-34,M,27,32,29,7751,310,158.1,16,12,474.3,316.2,200,4%
1121182,20-08-2024,20-08-2024,Google ads,144549,30-34,M,27,28,33,6630,332,262.28,40,30,1311.4,1049.12,400,5%
1121183,21-08-2024,21-08-2024,Google ads,144549,30-34,M,27,32,29,8741,175,106.75,16,13,320.25,213.5,200,2%
1121184,22-08-2024,22-08-2024,Google ads,144549,30-34,M,27,31,29,8671,260,106.6,13,9,213.2,106.6,100,3%
1121185,23-08-2024,23-08-2024,Google ads,144549,30-34,M,27,28,29,7133,285,196.65,20,15,786.6,589.95,300,4%
1121193,23-08-2024,23-08-2024,Google ads,144552,30-34,M,28,34,29,7224,361,205.77,36,30,823.08,617.31,300,5%
1121195,23-08-2024,23-08-2024,Google ads,144552,30-34,M,28,34,33,8589,344,144.48,24,17,577.92,433.44,300,4%
1121196,23-08-2024,23-08-2024,Google ads,144552,30-34,M,28,29,29,7358,221,143.65,11,8,718.25,574.6,400,3%
1121197,23-08-2024,23-08-2024,Google ads,144552,30-34,M,28,30,32,7460,373,223.8,19,16,895.2,671.4,300,5%
1121202,28-08-2024,28-08-2024,Google ads,144554,30-34,M,29,32,34,9959,199,153.23,10,7,306.46,153.23,100,2%
1121203,23-08-2024,23-08-2024,Google ads,144554,30-34,M,29,35,33,8761,263,142.02,26,21,568.08,426.06,300,3%
1121205,23-08-2024,23-08-2024,Google ads,144554,30-34,M,29,32,30,6742,202,80.8,20,15,404,323.2,400,3%
1121206,23-08-2024,23-08-2024,Google ads,144554,30-34,M,29,34,31,9392,188,139.12,17,14,417.36,278.24,200,2%
1121207,23-08-2024,23-08-2024,Google ads,144554,30-34,M,29,34,31,8827,441,343.98,35,30,1719.9,1375.92,400,5%
1121211,23-08-2024,23-08-2024,Google ads,144556,30-34,M,30,32,31,6474,194,135.8,14,11,407.4,271.6,200,3%
1121213,22-08-2024,22-08-2024,Google ads,144556,30-34,M,30,31,35,6725,336,151.2,27,23,453.6,302.4,200,5%
1121215,22-08-2024,22-08-2024,Google ads,144556,30-34,M,30,31,34,9220,461,336.53,23,19,673.06,336.53,100,5%
1121216,22-08-2024,22-08-2024,Google ads,144556,30-34,M,30,32,34,6428,321,157.29,29,23,471.87,314.58,200,5%
1121220,22-08-2024,22-08-2024,Google ads,144558,30-34,M,31,37,35,7586,228,127.68,27,19,383.04,255.36,200,3%
1121223,22-08-2024,22-08-2024,Google ads,144558,30-34,M,31,37,35,6596,330,161.7,33,24,485.1,323.4,200,5%
1121224,23-08-2024,23-08-2024,Google ads,144558,30-34,M,31,32,33,6917,138,73.14,8,6,292.56,219.42,300,2%
1121229,22-08-2024,22-08-2024,Google ads,144561,30-34,M,32,36,37,7184,144,64.8,10,9,194.4,129.6,200,2%
1121231,22-08-2024,22-08-2024,Google ads,144561,30-34,M,32,36,35,9302,186,128.34,13,11,385.02,256.68,200,2%
1121233,22-08-2024,22-08-2024,Google ads,144561,30-34,M,32,34,36,8724,436,296.48,35,30,592.96,296.48,100,5%
1121241,27-08-2024,27-08-2024,Google ads,144562,30-34,M,36,40,37,6301,252,133.56,13,11,400.68,267.12,200,4%
1121242,27-08-2024,27-08-2024,Google ads,144562,30-34,M,36,37,39,6402,192,105.6,17,14,316.8,211.2,200,3%
1121243,22-08-2024,22-08-2024,Google ads,144562,30-34,M,36,42,42,6616,198,79.2,22,20,158.4,79.2,100,3%
1121244,22-08-2024,22-08-2024,Google ads,144562,30-34,M,36,41,41,8888,178,128.16,12,9,640.8,512.64,400,2%
1121245,22-08-2024,22-08-2024,Google ads,144562,30-34,M,36,37,40,6460,129,56.76,15,13,283.8,227.04,400,2%
1121246,22-08-2024,22-08-2024,Google ads,144562,30-34,M,36,41,38,7123,356,213.6,28,25,854.4,640.8,300,5%
1121250,22-08-2024,22-08-2024,Google ads,144565,30-34,M,63,67,64,9325,187,89.76,9,8,179.52,89.76,100,2%
1121251,23-08-2024,23-08-2024,Google ads,144565,30-34,M,63,65,69,8079,323,213.18,23,17,852.72,639.54,300,4%
1121252,23-08-2024,23-08-2024,Google ads,144565,30-34,M,63,69,67,9381,375,270,23,17,1080,810,300,4%
1121254,22-08-2024,22-08-2024,Google ads,144565,30-34,M,63,64,65,7004,140,65.8,14,11,197.4,131.6,200,2%
1121255,22-08-2024,22-08-2024,Google ads,144565,30-34,M,63,64,67,8010,160,121.6,11,10,243.2,121.6,100,2%
1121261,22-08-2024,22-08-2024,Google ads,144567,30-34,M,64,67,65,6602,132,92.4,7,5,462,369.6,400,2%
1121262,30-08-2024,30-08-2024,Google ads,144567,30-34,M,64,66,67,7805,312,246.48,25,18,1232.4,985.92,400,4%
1121263,30-08-2024,30-08-2024,Google ads,144567,30-34,M,64,66,69,6336,190,98.8,15,14,494,395.2,400,3%
1121264,30-08-2024,30-08-2024,Google ads,144567,30-34,M,64,70,67,8073,161,94.99,10,8,474.95,379.96,400,2%
1121265,22-08-2024,22-08-2024,Google ads,144568,30-34,M,65,70,68,9577,479,364.04,57,46,1092.12,728.08,200,5%
1121269,22-08-2024,22-08-2024,Google ads,144568,30-34,M,65,67,67,8601,430,206.4,43,32,1032,825.6,400,5%
1121273,22-08-2024,22-08-2024,Google ads,144569,30-34,M,2,4,4,8600,172,92.88,21,17,278.64,185.76,200,2%
1121274,22-08-2024,22-08-2024,Google ads,144569,30-34,M,2,4,7,6620,199,137.31,14,10,686.55,549.24,400,3%
1121275,22-08-2024,22-08-2024,Google ads,144569,30-34,M,2,8,3,6689,134,68.34,11,10,341.7,273.36,400,2%
1121276,22-08-2024,22-08-2024,Google ads,144569,30-34,M,2,5,5,6702,268,155.44,19,16,621.76,466.32,300,4%
1121277,23-08-2024,23-08-2024,Google ads,144570,30-34,M,7,9,13,9517,190,146.3,21,15,292.6,146.3,100,2%
1121278,23-08-2024,23-08-2024,Google ads,144570,30-34,M,7,13,10,7054,282,112.8,17,12,451.2,338.4,300,4%
1121279,24-08-2024,24-08-2024,Google ads,144570,30-34,M,7,10,13,8543,342,249.66,27,23,1248.3,998.64,400,4%
1121282,24-08-2024,24-08-2024,Google ads,144570,30-34,M,7,11,10,9549,191,139.43,15,11,278.86,139.43,100,2%
1121284,24-08-2024,24-08-2024,Google ads,144571,30-34,M,66,68,70,7273,145,114.55,9,8,458.2,343.65,300,2%
1121285,24-08-2024,24-08-2024,Google ads,144571,30-34,M,66,68,70,7120,142,96.56,17,13,289.68,193.12,200,2%
1121286,24-08-2024,24-08-2024,Google ads,144571,30-34,M,66,67,69,9294,279,189.72,31,25,758.88,569.16,300,3%
1121287,24-08-2024,24-08-2024,Google ads,144571,30-34,M,66,69,69,6841,274,180.84,27,23,904.2,723.36,400,4%
1121289,24-08-2024,24-08-2024,Google ads,144572,35-39,M,10,14,13,6498,325,224.25,36,30,897,672.75,300,5%
1121290,24-08-2024,24-08-2024,Google ads,144572,35-39,M,10,13,12,7285,146,112.42,15,11,449.68,337.26,300,2%
1121291,24-08-2024,24-08-2024,Google ads,144572,35-39,M,10,16,14,7247,290,118.9,15,12,475.6,356.7,300,4%
1121292,23-08-2024,23-08-2024,Google ads,144572,35-39,M,10,15,16,9285,186,111.6,22,20,223.2,111.6,100,2%
1121293,23-08-2024,23-08-2024,Google ads,144572,35-39,M,10,16,13,9141,366,157.38,40,34,786.9,629.52,400,4%
1121296,23-08-2024,23-08-2024,Google ads,144573,35-39,M,15,17,19,8433,422,329.16,38,30,1316.64,987.48,300,5%
1121297,23-08-2024,23-08-2024,Google ads,144573,35-39,M,15,16,16,9013,270,205.2,27,23,820.8,615.6,300,3%
1121300,23-08-2024,23-08-2024,Google ads,144573,35-39,M,15,16,17,9114,456,241.68,23,20,483.36,241.68,100,5%
1121302,23-08-2024,23-08-2024,Google ads,144574,35-39,M,16,17,22,8828,441,185.22,44,31,740.88,555.66,300,5%
1121303,23-08-2024,23-08-2024,Google ads,144574,35-39,M,16,19,21,9394,282,222.78,14,10,1113.9,891.12,400,3%
1121304,23-08-2024,23-08-2024,Google ads,144574,35-39,M,16,17,20,9396,376,221.84,26,21,1109.2,887.36,400,4%
1121309,23-08-2024,23-08-2024,Google ads,144575,35-39,M,18,24,20,6392,320,227.2,22,19,1136,908.8,400,5%
1121310,23-08-2024,23-08-2024,Google ads,144575,35-39,M,18,21,19,7435,297,228.69,36,25,457.38,228.69,100,4%
1121311,30-08-2024,30-08-2024,Google ads,144575,35-39,M,18,20,24,8540,427,277.55,26,22,1110.2,832.65,300,5%
1121312,30-08-2024,30-08-2024,Google ads,144575,35-39,M,18,19,21,6900,276,207,28,22,828,621,300,4%
1121316,28-08-2024,28-08-2024,Google ads,144576,35-39,M,19,23,23,9054,181,92.31,14,11,369.24,276.93,300,2%
1121317,28-08-2024,28-08-2024,Google ads,144576,35-39,M,19,25,23,7437,223,93.66,20,14,280.98,187.32,200,3%
1121319,28-08-2024,28-08-2024,Google ads,144577,35-39,M,20,26,26,6167,185,135.05,20,17,675.25,540.2,400,3%
1121321,28-08-2024,28-08-2024,Google ads,144577,35-39,M,20,21,21,6381,128,84.48,6,5,422.4,337.92,400,2%
1121322,28-08-2024,28-08-2024,Google ads,144577,35-39,M,20,22,24,9686,387,267.03,27,21,534.06,267.03,100,4%
1121327,28-08-2024,28-08-2024,Google ads,144578,35-39,M,21,22,22,7455,149,117.71,15,13,470.84,353.13,300,2%
1121330,28-08-2024,28-08-2024,Google ads,144578,35-39,M,21,23,22,9870,296,210.16,18,13,840.64,630.48,300,3%
1121333,28-08-2024,28-08-2024,Google ads,144579,35-39,M,22,25,25,9785,391,199.41,27,20,997.05,797.64,400,4%
1121334,28-08-2024,28-08-2024,Google ads,144579,35-39,M,22,24,26,9502,380,235.6,34,30,1178,942.4,400,4%
1121335,28-08-2024,28-08-2024,Google ads,144579,35-39,M,22,25,23,8978,269,126.43,13,12,505.72,379.29,300,3%
1121336,27-08-2024,27-08-2024,Google ads,144579,35-39,M,22,24,24,8459,338,196.04,27,21,392.08,196.04,100,4%
1121337,27-08-2024,27-08-2024,Google ads,144580,35-39,M,23,28,28,6510,326,185.82,36,28,743.28,557.46,300,5%
1121338,27-08-2024,27-08-2024,Google ads,144580,35-39,M,23,27,24,7043,352,249.92,21,17,1249.6,999.68,400,5%
1121340,27-08-2024,27-08-2024,Google ads,144580,35-39,M,23,27,28,9481,474,341.28,47,40,682.56,341.28,100,5%
1121341,27-08-2024,27-08-2024,Google ads,144580,35-39,M,23,26,27,7890,158,105.86,17,15,423.44,317.58,300,2%
1121342,28-08-2024,28-08-2024,Google ads,144580,35-39,M,23,29,27,6446,129,58.05,13,10,232.2,174.15,300,2%
1121344,28-08-2024,28-08-2024,Google ads,144581,35-39,M,24,27,27,9335,280,159.6,22,16,638.4,478.8,300,3%
1121345,27-08-2024,27-08-2024,Google ads,144581,35-39,M,24,29,29,7600,304,234.08,27,21,702.24,468.16,200,4%
1121347,27-08-2024,27-08-2024,Google ads,144581,35-39,M,24,25,28,7331,367,179.83,18,15,359.66,179.83,100,5%
1121350,29-08-2024,29-08-2024,Google ads,144582,35-39,M,25,27,31,7235,289,124.27,32,28,248.54,124.27,100,4%
1121352,29-08-2024,29-08-2024,Google ads,144582,35-39,M,25,30,29,9334,280,210,31,27,630,420,200,3%
1121353,30-08-2024,30-08-2024,Google ads,144582,35-39,M,25,30,27,8851,266,125.02,13,10,375.06,250.04,200,3%
1121355,29-08-2024,29-08-2024,Google ads,144583,35-39,M,26,29,27,6660,266,196.84,19,16,984.2,787.36,400,4%
1121359,29-08-2024,29-08-2024,Google ads,144583,35-39,M,26,28,27,8211,246,150.06,12,9,450.18,300.12,200,3%
1121361,30-08-2024,30-08-2024,Google ads,144584,35-39,M,27,28,33,6532,131,82.53,8,7,412.65,330.12,400,2%
1121364,30-08-2024,30-08-2024,Google ads,144584,35-39,M,27,30,28,7812,156,107.64,11,10,430.56,322.92,300,2%
1121365,30-08-2024,30-08-2024,Google ads,144584,35-39,M,27,33,31,7714,386,270.2,35,26,810.6,540.4,200,5%
1121367,30-08-2024,30-08-2024,Google ads,144585,35-39,M,28,31,29,7679,154,97.02,14,10,194.04,97.02,100,2%
1121368,30-08-2024,30-08-2024,Google ads,144585,35-39,M,28,33,31,6778,271,140.92,24,22,704.6,563.68,400,4%
1121369,30-08-2024,30-08-2024,Google ads,144585,35-39,M,28,33,31,9666,193,82.99,19,14,331.96,248.97,300,2%
1121370,29-08-2024,29-08-2024,Google ads,144585,35-39,M,28,33,32,8360,167,76.82,8,6,307.28,230.46,300,2%
1121372,29-08-2024,29-08-2024,Google ads,144585,35-39,M,28,34,34,6991,140,79.8,11,9,159.6,79.8,100,2%
1121373,29-08-2024,29-08-2024,Google ads,144586,35-39,M,29,32,33,8999,180,127.8,16,13,639,511.2,400,2%
1121374,29-08-2024,29-08-2024,Google ads,144586,35-39,M,29,34,35,8513,341,238.7,27,21,954.8,716.1,300,4%
1121375,29-08-2024,29-08-2024,Google ads,144586,35-39,M,29,31,35,7667,383,229.8,34,24,689.4,459.6,200,5%
1121377,29-08-2024,29-08-2024,Google ads,144586,35-39,M,29,34,30,7668,153,104.04,8,6,208.08,104.04,100,2%
1121378,29-08-2024,29-08-2024,Google ads,144586,35-39,M,29,33,33,7347,220,162.8,22,17,325.6,162.8,100,3%
1121379,29-08-2024,29-08-2024,Google ads,144587,35-39,M,30,31,35,9186,367,242.22,26,21,1211.1,968.88,400,4%
1121380,29-08-2024,29-08-2024,Google ads,144587,35-39,M,30,35,32,7679,154,100.1,11,8,300.3,200.2,200,2%
1121381,29-08-2024,29-08-2024,Google ads,144587,35-39,M,30,31,36,6906,276,118.68,28,25,474.72,356.04,300,4%
1121390,29-08-2024,29-08-2024,Google ads,144588,35-39,M,31,32,36,8644,346,197.22,38,30,788.88,591.66,300,4%
1121391,20-08-2024,20-08-2024,Google ads,144589,35-39,M,32,33,33,8448,169,84.5,20,14,338,253.5,300,2%
1121394,20-08-2024,20-08-2024,Google ads,144589,35-39,M,32,37,33,7656,230,147.2,16,14,736,588.8,400,3%
1121395,23-08-2024,23-08-2024,Google ads,144589,35-39,M,32,38,34,7060,212,89.04,17,15,267.12,178.08,200,3%
1121398,23-08-2024,23-08-2024,Google ads,144590,35-39,M,36,39,38,9121,365,197.1,44,31,985.5,788.4,400,4%
1121400,23-08-2024,23-08-2024,Google ads,144590,35-39,M,36,38,41,9861,296,133.2,24,22,399.6,266.4,200,3%
1121403,24-08-2024,24-08-2024,Google ads,144591,35-39,M,63,65,68,8791,352,281.6,39,31,1126.4,844.8,300,4%
1121405,24-08-2024,24-08-2024,Google ads,144591,35-39,M,63,66,69,9544,382,221.56,42,29,443.12,221.56,100,4%
1121410,24-08-2024,24-08-2024,Google ads,144592,35-39,M,64,68,70,9781,293,143.57,26,23,717.85,574.28,400,3%
1121411,24-08-2024,24-08-2024,Google ads,144592,35-39,M,64,70,65,9044,452,203.4,23,17,1017,813.6,400,5%
1121412,24-08-2024,24-08-2024,Google ads,144592,35-39,M,64,68,70,7159,286,217.36,20,17,1086.8,869.44,400,4%
1121413,23-08-2024,23-08-2024,Google ads,144592,35-39,M,64,67,69,9716,389,159.49,27,24,637.96,478.47,300,4%
1121414,23-08-2024,23-08-2024,Google ads,144592,35-39,M,64,70,66,6434,129,85.14,13,9,170.28,85.14,100,2%
1121415,23-08-2024,23-08-2024,Google ads,144593,35-39,M,65,66,71,6854,274,178.1,33,23,534.3,356.2,200,4%
1121418,23-08-2024,23-08-2024,Google ads,144593,35-39,M,65,71,70,8273,165,75.9,10,9,227.7,151.8,200,2%
1121421,21-08-2024,21-08-2024,Google ads,144594,35-39,M,2,8,6,8152,245,127.4,22,18,509.6,382.2,300,3%
1121422,23-08-2024,23-08-2024,Google ads,144594,35-39,M,2,7,7,9159,183,104.31,20,17,208.62,104.31,100,2%
1121423,23-08-2024,23-08-2024,Google ads,144594,35-39,M,2,5,7,7807,312,127.92,16,12,383.76,255.84,200,4%
1121425,23-08-2024,23-08-2024,Google ads,144594,35-39,M,2,8,7,9563,478,372.84,29,21,1491.36,1118.52,300,5%
1121428,23-08-2024,23-08-2024,Google ads,144595,35-39,M,7,9,13,6867,206,92.7,21,17,185.4,92.7,100,3%
1121429,23-08-2024,23-08-2024,Google ads,144595,35-39,M,7,13,9,7611,152,98.8,9,8,395.2,296.4,300,2%
1121430,23-08-2024,23-08-2024,Google ads,144595,35-39,M,7,10,9,6765,203,136.01,24,21,544.04,408.03,300,3%
1121433,24-08-2024,24-08-2024,Google ads,144596,35-39,M,66,69,72,6842,205,164,18,13,656,492,300,3%
1121437,24-08-2024,24-08-2024,Google ads,144596,35-39,M,66,68,68,8997,450,337.5,36,27,1012.5,675,200,5%
1121439,25-08-2024,25-08-2024,Google ads,144597,40-44,M,10,11,15,8232,247,116.09,30,26,580.45,464.36,400,3%
1121440,25-08-2024,25-08-2024,Google ads,144597,40-44,M,10,15,11,8205,246,130.38,22,17,391.14,260.76,200,3%
1121442,25-08-2024,25-08-2024,Google ads,144597,40-44,M,10,15,14,6424,321,234.33,16,14,702.99,468.66,200,5%
1121443,25-08-2024,25-08-2024,Google ads,144597,40-44,M,10,12,15,6426,321,186.18,26,22,558.54,372.36,200,5%
1121444,25-08-2024,25-08-2024,Google ads,144597,40-44,M,10,13,12,8383,419,318.44,46,41,636.88,318.44,100,5%
1121446,25-08-2024,25-08-2024,Google ads,144598,40-44,M,15,17,17,7037,281,199.51,20,17,399.02,199.51,100,4%
1121451,25-08-2024,25-08-2024,Google ads,144599,40-44,M,16,20,18,9141,457,319.9,32,25,639.8,319.9,100,5%
1121452,25-08-2024,25-08-2024,Google ads,144599,40-44,M,16,21,22,6684,267,213.6,32,24,1068,854.4,400,4%
1121453,25-08-2024,25-08-2024,Google ads,144599,40-44,M,16,18,17,9934,199,97.51,16,13,390.04,292.53,300,2%
1121454,25-08-2024,25-08-2024,Google ads,144599,40-44,M,16,22,20,7085,213,164.01,17,14,820.05,656.04,400,3%
1121455,24-08-2024,24-08-2024,Google ads,144599,40-44,M,16,21,22,9818,295,197.65,18,13,592.95,395.3,200,3%
1121456,24-08-2024,24-08-2024,Google ads,144599,40-44,M,16,22,22,6046,302,196.3,18,16,785.2,588.9,300,5%
1121464,24-08-2024,24-08-2024,Google ads,144601,40-44,M,19,23,25,8957,179,109.19,13,10,218.38,109.19,100,2%
1121466,24-08-2024,24-08-2024,Google ads,144601,40-44,M,19,23,25,9074,272,174.08,14,10,870.4,696.32,400,3%
1121467,24-08-2024,24-08-2024,Google ads,144601,40-44,M,19,20,24,7697,231,164.01,16,14,820.05,656.04,400,3%
1121469,25-08-2024,25-08-2024,Google ads,144602,40-44,M,20,26,21,9175,459,229.5,37,26,459,229.5,100,5%
1121471,24-08-2024,24-08-2024,Google ads,144602,40-44,M,20,21,26,6945,139,75.06,17,13,300.24,225.18,300,2%
1121472,24-08-2024,24-08-2024,Google ads,144602,40-44,M,20,21,25,6083,304,215.84,24,19,647.52,431.68,200,5%
1121473,24-08-2024,24-08-2024,Google ads,144602,40-44,M,20,25,22,9548,191,137.52,17,13,412.56,275.04,200,2%
1121474,21-08-2024,21-08-2024,Google ads,144602,40-44,M,20,26,26,8242,412,214.24,49,34,642.72,428.48,200,5%
1121477,21-08-2024,21-08-2024,Google ads,144603,40-44,M,21,27,22,7295,365,284.7,29,22,569.4,284.7,100,5%
1121481,19-08-2024,19-08-2024,Google ads,144604,40-44,M,22,27,25,7867,157,84.78,17,12,254.34,169.56,200,2%
1121482,19-08-2024,19-08-2024,Google ads,144604,40-44,M,22,24,24,6394,320,140.8,35,30,563.2,422.4,300,5%
1121483,19-08-2024,19-08-2024,Google ads,144604,40-44,M,22,26,23,6607,198,81.18,24,19,162.36,81.18,100,3%
1121484,19-08-2024,19-08-2024,Google ads,144604,40-44,M,22,28,27,9225,277,196.67,17,15,393.34,196.67,100,3%
1121487,19-08-2024,19-08-2024,Google ads,144605,40-44,M,23,25,26,8124,244,143.96,15,12,431.88,287.92,200,3%
1121489,19-08-2024,19-08-2024,Google ads,144605,40-44,M,23,28,24,6620,265,159,16,13,477,318,200,4%
1121493,19-08-2024,19-08-2024,Google ads,144606,40-44,M,24,28,30,6134,123,88.56,14,10,177.12,88.56,100,2%
1121497,19-08-2024,19-08-2024,Google ads,144606,40-44,M,24,25,27,8773,263,160.43,16,12,802.15,641.72,400,3%
1121499,19-08-2024,19-08-2024,Google ads,144607,40-44,M,25,27,31,7032,281,123.64,17,14,370.92,247.28,200,4%
1121510,19-08-2024,19-08-2024,Google ads,144608,40-44,M,26,30,31,6457,323,209.95,29,25,419.9,209.95,100,5%
1121511,18-08-2024,18-08-2024,Google ads,144609,40-44,M,27,29,32,6728,135,81,7,6,162,81,100,2%
1121514,18-08-2024,18-08-2024,Google ads,144609,40-44,M,27,31,30,8163,245,107.8,17,15,323.4,215.6,200,3%
1121523,18-08-2024,18-08-2024,Google ads,144611,40-44,M,29,32,34,9147,274,131.52,27,24,526.08,394.56,300,3%
1121524,18-08-2024,18-08-2024,Google ads,144611,40-44,M,29,30,35,6091,183,144.57,16,14,578.28,433.71,300,3%
1121525,18-08-2024,18-08-2024,Google ads,144611,40-44,M,29,32,33,6449,322,141.68,23,19,283.36,141.68,100,5%
1121526,19-08-2024,19-08-2024,Google ads,144611,40-44,M,29,35,32,7181,359,226.17,18,15,452.34,226.17,100,5%
1121527,19-08-2024,19-08-2024,Google ads,144611,40-44,M,29,35,35,9277,278,139,28,20,417,278,200,3%
1121528,19-08-2024,19-08-2024,Google ads,144611,40-44,M,29,33,31,7264,145,87,16,11,174,87,100,2%
1121530,19-08-2024,19-08-2024,Google ads,144612,40-44,M,30,36,33,6677,200,140,20,17,420,280,200,3%
1121532,19-08-2024,19-08-2024,Google ads,144612,40-44,M,30,35,32,6858,137,75.35,14,11,376.75,301.4,400,2%
1121535,20-08-2024,20-08-2024,Google ads,144613,40-44,M,31,33,32,6108,183,118.95,15,13,594.75,475.8,400,3%
1121541,21-08-2024,21-08-2024,Google ads,144614,40-44,M,32,33,37,8164,245,137.2,20,14,411.6,274.4,200,3%
1121544,21-08-2024,21-08-2024,Google ads,144614,40-44,M,32,33,36,6893,276,179.4,19,14,358.8,179.4,100,4%
1121545,20-08-2024,20-08-2024,Google ads,144614,40-44,M,32,33,35,6415,192,97.92,12,10,195.84,97.92,100,3%
1121548,21-08-2024,21-08-2024,Google ads,144615,40-44,M,36,38,37,9796,392,176.4,43,35,352.8,176.4,100,4%
1121551,21-08-2024,21-08-2024,Google ads,144615,40-44,M,36,40,39,9338,280,140,22,16,700,560,400,3%
1121554,21-08-2024,21-08-2024,Google ads,144616,40-44,M,63,64,66,9982,200,104,16,14,312,208,200,2%
1121557,21-08-2024,21-08-2024,Google ads,144616,40-44,M,63,68,64,8102,405,194.4,49,37,972,777.6,400,5%
1121561,21-08-2024,21-08-2024,Google ads,144617,40-44,M,64,69,70,7740,232,139.2,19,14,696,556.8,400,3%
1121562,20-08-2024,20-08-2024,Google ads,144617,40-44,M,64,65,67,9525,476,247.52,38,32,495.04,247.52,100,5%
1121568,20-08-2024,20-08-2024,Google ads,144618,40-44,M,65,70,70,9540,286,185.9,14,10,557.7,371.8,200,3%
1121571,20-08-2024,20-08-2024,Google ads,144619,40-44,M,2,3,5,8063,323,151.81,26,22,455.43,303.62,200,4%
1121572,20-08-2024,20-08-2024,Google ads,144619,40-44,M,2,6,3,8243,165,90.75,8,6,453.75,363,400,2%
1121575,20-08-2024,20-08-2024,Google ads,144619,40-44,M,2,4,5,7564,227,136.2,23,17,681,544.8,400,3%
1121577,20-08-2024,20-08-2024,Google ads,144620,40-44,M,7,9,11,8726,262,112.66,16,13,563.3,450.64,400,3%
1121584,20-08-2024,20-08-2024,Google ads,144621,40-44,M,66,67,67,7970,239,148.18,24,18,296.36,148.18,100,3%
1121585,20-08-2024,20-08-2024,Google ads,144621,40-44,M,66,72,68,8102,405,166.05,24,21,498.15,332.1,200,5%
1121589,20-08-2024,20-08-2024,Google ads,144622,45-49,M,10,16,11,7870,315,223.65,28,24,447.3,223.65,100,4%
1121590,20-08-2024,20-08-2024,Google ads,144622,45-49,M,10,16,15,7037,281,171.41,20,15,342.82,171.41,100,4%
1121592,20-08-2024,20-08-2024,Google ads,144622,45-49,M,10,14,11,8712,348,170.52,35,27,852.6,682.08,400,4%
1121593,26-08-2024,26-08-2024,Google ads,144622,45-49,M,10,16,16,9496,380,231.8,19,17,1159,927.2,400,4%
